t,V1_R,V1_I,V2_R,V2_I,I2_R,I2_I
0.01,1,0i,-0.813917,-0.524013i,2.467098,1.446587i
0.02,1,0i,-0.813917,-0.524012i,2.467098,1.446587i
0.03,1,0i,-0.813917,-0.524012i,2.467097,1.446586i
0.04,1,0i,-0.813917,-0.524012i,2.467096,1.446586i
0.05,1,0i,-0.813917,-0.524012i,2.467096,1.446586i
0.06,1,0i,-0.813917,-0.524012i,2.467096,1.446585i
0.07,1,0i,-0.813917,-0.524012i,2.467095,1.446585i
0.08,1,0i,-0.813917,-0.524012i,2.467095,1.446585i
0.09,1,0i,-0.813917,-0.524012i,2.467095,1.446585i
0.1,1,0i,-0.813917,-0.524012i,2.467095,1.446585i
0.11,1,0i,-0.813917,-0.524012i,2.467095,1.446585i
0.12,1,0i,-0.813917,-0.524012i,2.467095,1.446585i
0.13,1,0i,-0.813917,-0.524012i,2.467094,1.446585i
0.14,1,0i,-0.813917,-0.524012i,2.467094,1.446585i
0.15,1,0i,-0.813917,-0.524012i,2.467094,1.446585i
0.16,1,0i,-0.813917,-0.524012i,2.467094,1.446585i
0.17,1,0i,-0.813917,-0.524012i,2.467094,1.446585i
0.18,1,0i,-0.813917,-0.524012i,2.467094,1.446585i
0.19,1,0i,-0.813917,-0.524012i,2.467094,1.446585i
0.2,1,0i,-0.813917,-0.524012i,2.467094,1.446585i
0.21,1,0i,-0.813917,-0.524012i,2.467094,1.446585i
0.22,1,0i,-0.813917,-0.524012i,2.467094,1.446585i
0.23,1,0i,-0.813917,-0.524012i,2.467094,1.446585i
0.24,1,0i,-0.813917,-0.524012i,2.467094,1.446585i
0.25,1,0i,-0.813917,-0.524012i,2.467094,1.446585i
0.26,1,0i,-0.813917,-0.524012i,2.467094,1.446585i
0.27,1,0i,-0.813917,-0.524012i,2.467094,1.446585i
0.28,1,0i,-0.813917,-0.524012i,2.467094,1.446584i
0.29,1,0i,-0.813917,-0.524012i,2.467094,1.446584i
0.3,1,0i,-0.813917,-0.524012i,2.467094,1.446584i
0.31,1,0i,-0.813917,-0.524012i,2.467094,1.446584i
0.32,1,0i,-0.813917,-0.524012i,2.467094,1.446584i
0.33,1,0i,-0.813917,-0.524012i,2.467094,1.446584i
0.34,1,0i,-0.813918,-0.524012i,2.467094,1.446584i
0.35,1,0i,-0.813918,-0.524012i,2.467094,1.446584i
0.36,1,0i,-0.813918,-0.524012i,2.467094,1.446584i
0.37,1,0i,-0.813918,-0.524012i,2.467094,1.446584i
0.38,1,0i,-0.813918,-0.524012i,2.467094,1.446583i
0.39,1,0i,-0.813918,-0.524012i,2.467094,1.446583i
0.4,1,0i,-0.813918,-0.524012i,2.467094,1.446583i
0.41,1,0i,-0.813918,-0.524012i,2.467094,1.446583i
0.42,1,0i,-0.813918,-0.524012i,2.467094,1.446583i
0.43,1,0i,-0.813918,-0.524012i,2.467094,1.446583i
0.44,1,0i,-0.813918,-0.524012i,2.467094,1.446583i
0.45,1,0i,-0.813918,-0.524012i,2.467094,1.446583i
0.46,1,0i,-0.813918,-0.524012i,2.467094,1.446583i
0.47,1,0i,-0.813918,-0.524012i,2.467094,1.446583i
0.48,1,0i,-0.813918,-0.524012i,2.467094,1.446582i
0.49,1,0i,-0.813918,-0.524012i,2.467094,1.446582i
0.5,1,0i,-0.813918,-0.524011i,2.467094,1.446582i
0.51,1,0i,-0.813918,-0.524011i,2.467094,1.446582i
0.52,1,0i,-0.813918,-0.524011i,2.467094,1.446582i
0.53,1,0i,-0.813918,-0.524011i,2.467094,1.446582i
0.54,1,0i,-0.813918,-0.524011i,2.467094,1.446582i
0.55,1,0i,-0.813918,-0.524011i,2.467094,1.446582i
0.56,1,0i,-0.813918,-0.524011i,2.467095,1.446582i
0.57,1,0i,-0.813918,-0.524011i,2.467095,1.446582i
0.58,1,0i,-0.813918,-0.524011i,2.467095,1.446582i
0.59,1,0i,-0.813918,-0.524011i,2.467095,1.446581i
0.6,1,0i,-0.813918,-0.524011i,2.467095,1.446581i
0.61,1,0i,-0.813918,-0.524011i,2.467095,1.446581i
0.62,1,0i,-0.813918,-0.524011i,2.467095,1.446581i
0.63,1,0i,-0.813918,-0.524011i,2.467095,1.446581i
0.64,1,0i,-0.813918,-0.524011i,2.467095,1.446581i
0.65,1,0i,-0.813918,-0.524011i,2.467095,1.446581i
0.66,1,0i,-0.813918,-0.524011i,2.467095,1.446581i
0.67,1,0i,-0.813918,-0.524011i,2.467095,1.446581i
0.68,1,0i,-0.813918,-0.524011i,2.467095,1.446581i
0.69,1,0i,-0.813918,-0.524011i,2.467095,1.446581i
0.7,1,0i,-0.813918,-0.524011i,2.467095,1.446581i
0.71,1,0i,-0.813918,-0.524011i,2.467095,1.446581i
0.72,1,0i,-0.813918,-0.524011i,2.467095,1.446581i
0.73,1,0i,-0.813918,-0.524011i,2.467095,1.446581i
0.74,1,0i,-0.813918,-0.524011i,2.467095,1.446581i
0.75,1,0i,-0.813918,-0.524011i,2.467095,1.446581i
0.76,1,0i,-0.813918,-0.524011i,2.467095,1.446581i
0.77,1,0i,-0.813918,-0.524011i,2.467095,1.446581i
0.78,1,0i,-0.813918,-0.524011i,2.467095,1.446581i
0.79,1,0i,-0.813918,-0.524011i,2.467095,1.446581i
0.8,1,0i,-0.813918,-0.524011i,2.467095,1.446581i
0.81,1,0i,-0.813918,-0.524011i,2.467095,1.446581i
0.82,1,0i,-0.813918,-0.524011i,2.467095,1.446581i
0.83,1,0i,-0.813918,-0.524011i,2.467095,1.446581i
0.84,1,0i,-0.813918,-0.524011i,2.467095,1.446581i
0.85,1,0i,-0.813918,-0.524011i,2.467095,1.446581i
0.86,1,0i,-0.813918,-0.524011i,2.467095,1.446581i
0.87,1,0i,-0.813918,-0.524011i,2.467095,1.446581i
0.88,1,0i,-0.813918,-0.524011i,2.467095,1.446582i
0.89,1,0i,-0.813918,-0.524011i,2.467095,1.446582i
0.9,1,0i,-0.813918,-0.524011i,2.467095,1.446582i
0.91,1,0i,-0.813918,-0.524011i,2.467095,1.446582i
0.92,1,0i,-0.813918,-0.524011i,2.467095,1.446582i
0.93,1,0i,-0.813918,-0.524011i,2.467095,1.446582i
0.94,1,0i,-0.813918,-0.524011i,2.467095,1.446582i
0.95,1,0i,-0.813918,-0.524011i,2.467095,1.446582i
0.96,1,0i,-0.813918,-0.524011i,2.467094,1.446582i
0.97,1,0i,-0.813918,-0.524011i,2.467094,1.446582i
0.98,1,0i,-0.813918,-0.524011i,2.467094,1.446582i
0.99,1,0i,-0.813918,-0.524011i,2.467094,1.446582i
1,1,0i,-0.813918,-0.524011i,2.467094,1.446582i
1.01,1,0i,-0.813918,-0.524011i,2.467094,1.446582i
1.02,1,0i,-0.813918,-0.524011i,2.467094,1.446582i
1.03,1,0i,-0.813918,-0.524011i,2.467094,1.446582i
1.04,1,0i,-0.813918,-0.524012i,2.467094,1.446582i
1.05,1,0i,-0.813918,-0.524012i,2.467094,1.446583i
1.06,1,0i,-0.813918,-0.524012i,2.467094,1.446583i
1.07,1,0i,-0.813918,-0.524012i,2.467094,1.446583i
1.08,1,0i,-0.813918,-0.524012i,2.467094,1.446583i
1.09,1,0i,-0.813918,-0.524012i,2.467094,1.446583i
1.1,1,0i,-0.813918,-0.524012i,2.467094,1.446583i
1.11,1,0i,-0.813918,-0.524012i,2.467094,1.446583i
1.12,1,0i,-0.813918,-0.524012i,2.467094,1.446583i
1.13,1,0i,-0.813918,-0.524012i,2.467094,1.446583i
1.14,1,0i,-0.813918,-0.524012i,2.467094,1.446583i
1.15,1,0i,-0.813918,-0.524012i,2.467094,1.446583i
1.16,1,0i,-0.813918,-0.524012i,2.467094,1.446583i
1.17,1,0i,-0.813918,-0.524012i,2.467094,1.446583i
1.18,1,0i,-0.813918,-0.524012i,2.467094,1.446583i
1.19,1,0i,-0.813918,-0.524012i,2.467094,1.446583i
1.2,1,0i,-0.813918,-0.524012i,2.467094,1.446583i
1.21,1,0i,-0.813918,-0.524012i,2.467094,1.446583i
1.22,1,0i,-0.813918,-0.524012i,2.467094,1.446583i
1.23,1,0i,-0.813918,-0.524012i,2.467094,1.446584i
1.24,1,0i,-0.813918,-0.524012i,2.467094,1.446584i
1.25,1,0i,-0.813918,-0.524012i,2.467094,1.446584i
1.26,1,0i,-0.813918,-0.524012i,2.467094,1.446584i
1.27,1,0i,-0.813918,-0.524012i,2.467094,1.446584i
1.28,1,0i,-0.813918,-0.524012i,2.467094,1.446584i
1.29,1,0i,-0.813918,-0.524012i,2.467094,1.446584i
1.3,1,0i,-0.813918,-0.524012i,2.467094,1.446584i
1.31,1,0i,-0.813918,-0.524012i,2.467094,1.446584i
1.32,1,0i,-0.813918,-0.524012i,2.467094,1.446584i
1.33,1,0i,-0.813918,-0.524012i,2.467094,1.446584i
1.34,1,0i,-0.813918,-0.524012i,2.467094,1.446584i
1.35,1,0i,-0.813918,-0.524012i,2.467094,1.446584i
1.36,1,0i,-0.813918,-0.524012i,2.467094,1.446584i
1.37,1,0i,-0.813918,-0.524012i,2.467094,1.446584i
1.38,1,0i,-0.813918,-0.524012i,2.467094,1.446584i
1.39,1,0i,-0.813918,-0.524012i,2.467094,1.446583i
1.4,1,0i,-0.813918,-0.524012i,2.467094,1.446583i
1.41,1,0i,-0.813918,-0.524012i,2.467094,1.446583i
1.42,1,0i,-0.813918,-0.524012i,2.467094,1.446583i
1.43,1,0i,-0.813918,-0.524012i,2.467094,1.446583i
1.44,1,0i,-0.813918,-0.524012i,2.467094,1.446583i
1.45,1,0i,-0.813918,-0.524012i,2.467094,1.446583i
1.46,1,0i,-0.813918,-0.524012i,2.467094,1.446583i
1.47,1,0i,-0.813918,-0.524012i,2.467094,1.446583i
1.48,1,0i,-0.813918,-0.524012i,2.467094,1.446583i
1.49,1,0i,-0.813918,-0.524012i,2.467094,1.446583i
1.5,1,0i,-0.813918,-0.524012i,2.467094,1.446583i
1.51,1,0i,-0.813918,-0.524012i,2.467094,1.446583i
1.52,1,0i,-0.813918,-0.524012i,2.467094,1.446583i
1.53,1,0i,-0.813918,-0.524012i,2.467094,1.446583i
1.54,1,0i,-0.813918,-0.524012i,2.467094,1.446583i
1.55,1,0i,-0.813918,-0.524012i,2.467094,1.446583i
1.56,1,0i,-0.813918,-0.524012i,2.467094,1.446583i
1.57,1,0i,-0.813918,-0.524012i,2.467095,1.446582i
1.58,1,0i,-0.813918,-0.524011i,2.467095,1.446582i
1.59,1,0i,-0.813918,-0.524011i,2.467095,1.446582i
1.6,1,0i,-0.813918,-0.524011i,2.467095,1.446582i
1.61,1,0i,-0.813918,-0.524011i,2.467095,1.446582i
1.62,1,0i,-0.813918,-0.524011i,2.467095,1.446582i
1.63,1,0i,-0.813918,-0.524011i,2.467095,1.446582i
1.64,1,0i,-0.813918,-0.524011i,2.467095,1.446582i
1.65,1,0i,-0.813918,-0.524011i,2.467095,1.446582i
1.66,1,0i,-0.813918,-0.524011i,2.467095,1.446582i
1.67,1,0i,-0.813918,-0.524011i,2.467095,1.446582i
1.68,1,0i,-0.813918,-0.524011i,2.467095,1.446582i
1.69,1,0i,-0.813918,-0.524011i,2.467095,1.446582i
1.7,1,0i,-0.813918,-0.524011i,2.467095,1.446582i
1.71,1,0i,-0.813918,-0.524011i,2.467095,1.446582i
1.72,1,0i,-0.813918,-0.524011i,2.467095,1.446582i
1.73,1,0i,-0.813918,-0.524011i,2.467095,1.446582i
1.74,1,0i,-0.813918,-0.524011i,2.467095,1.446582i
1.75,1,0i,-0.813918,-0.524011i,2.467095,1.446582i
1.76,1,0i,-0.813918,-0.524011i,2.467095,1.446582i
1.77,1,0i,-0.813918,-0.524011i,2.467095,1.446582i
1.78,1,0i,-0.813918,-0.524011i,2.467095,1.446582i
1.79,1,0i,-0.813918,-0.524011i,2.467095,1.446582i
1.8,1,0i,-0.813918,-0.524011i,2.467095,1.446582i
1.81,1,0i,-0.813918,-0.524011i,2.467095,1.446582i
1.82,1,0i,-0.813918,-0.524011i,2.467095,1.446582i
1.83,1,0i,-0.813918,-0.524011i,2.467095,1.446582i
1.84,1,0i,-0.813918,-0.524011i,2.467095,1.446582i
1.85,1,0i,-0.813918,-0.524011i,2.467095,1.446582i
1.86,1,0i,-0.813918,-0.524011i,2.467095,1.446582i
1.87,1,0i,-0.813918,-0.524011i,2.467095,1.446582i
1.88,1,0i,-0.813918,-0.524011i,2.467095,1.446582i
1.89,1,0i,-0.813918,-0.524011i,2.467095,1.446582i
1.9,1,0i,-0.813918,-0.524011i,2.467095,1.446582i
1.91,1,0i,-0.813918,-0.524011i,2.467095,1.446582i
1.92,1,0i,-0.813918,-0.524011i,2.467095,1.446582i
1.93,1,0i,-0.813918,-0.524012i,2.467095,1.446583i
1.94,1,0i,-0.813918,-0.524012i,2.467095,1.446583i
1.95,1,0i,-0.813918,-0.524012i,2.467095,1.446583i
1.96,1,0i,-0.813918,-0.524012i,2.467095,1.446583i
1.97,1,0i,-0.813918,-0.524012i,2.467095,1.446583i
1.98,1,0i,-0.813918,-0.524012i,2.467095,1.446583i
1.99,1,0i,-0.813918,-0.524012i,2.467095,1.446583i
2,1,0i,-0.813918,-0.524012i,2.467095,1.446583i
2.01,1,0i,-0.813918,-0.524012i,2.467094,1.446583i
2.02,1,0i,-0.813918,-0.524012i,2.467094,1.446583i
2.03,1,0i,-0.813918,-0.524012i,2.467094,1.446583i
2.04,1,0i,-0.813918,-0.524012i,2.467094,1.446583i
2.05,1,0i,-0.813918,-0.524012i,2.467094,1.446583i
2.06,1,0i,-0.813918,-0.524012i,2.467094,1.446583i
2.07,1,0i,-0.813918,-0.524012i,2.467094,1.446583i
2.08,1,0i,-0.813918,-0.524012i,2.467094,1.446583i
2.09,1,0i,-0.813918,-0.524012i,2.467094,1.446583i
2.1,1,0i,-0.813918,-0.524012i,2.467094,1.446583i
2.11,1,0i,-0.813918,-0.524012i,2.467094,1.446584i
2.12,1,0i,-0.813918,-0.524012i,2.467094,1.446584i
2.13,1,0i,-0.813918,-0.524012i,2.467094,1.446584i
2.14,1,0i,-0.813918,-0.524012i,2.467094,1.446584i
2.15,1,0i,-0.813918,-0.524012i,2.467094,1.446584i
2.16,1,0i,-0.813918,-0.524012i,2.467094,1.446584i
2.17,1,0i,-0.813918,-0.524012i,2.467094,1.446584i
2.18,1,0i,-0.813918,-0.524012i,2.467094,1.446584i
2.19,1,0i,-0.813918,-0.524012i,2.467094,1.446584i
2.2,1,0i,-0.813918,-0.524012i,2.467094,1.446584i
2.21,1,0i,-0.813918,-0.524012i,2.467094,1.446584i
2.22,1,0i,-0.813918,-0.524012i,2.467094,1.446584i
2.23,1,0i,-0.813918,-0.524012i,2.467094,1.446584i
2.24,1,0i,-0.813918,-0.524012i,2.467094,1.446584i
2.25,1,0i,-0.813918,-0.524012i,2.467094,1.446584i
2.26,1,0i,-0.813918,-0.524012i,2.467094,1.446584i
2.27,1,0i,-0.813918,-0.524012i,2.467094,1.446584i
2.28,1,0i,-0.813918,-0.524012i,2.467094,1.446584i
2.29,1,0i,-0.813918,-0.524012i,2.467094,1.446584i
2.3,1,0i,-0.813918,-0.524012i,2.467094,1.446584i
2.31,1,0i,-0.813918,-0.524012i,2.467094,1.446584i
2.32,1,0i,-0.813918,-0.524012i,2.467094,1.446584i
2.33,1,0i,-0.813918,-0.524012i,2.467094,1.446584i
2.34,1,0i,-0.813918,-0.524012i,2.467094,1.446584i
2.35,1,0i,-0.813918,-0.524012i,2.467094,1.446584i
2.36,1,0i,-0.813918,-0.524012i,2.467094,1.446584i
2.37,1,0i,-0.813918,-0.524012i,2.467094,1.446584i
2.38,1,0i,-0.813918,-0.524012i,2.467094,1.446584i
2.39,1,0i,-0.813918,-0.524012i,2.467094,1.446584i
2.4,1,0i,-0.813918,-0.524012i,2.467094,1.446584i
2.41,1,0i,-0.813918,-0.524012i,2.467094,1.446584i
2.42,1,0i,-0.813918,-0.524012i,2.467094,1.446584i
2.43,1,0i,-0.813918,-0.524012i,2.467094,1.446584i
2.44,1,0i,-0.813918,-0.524012i,2.467094,1.446584i
2.45,1,0i,-0.813918,-0.524012i,2.467094,1.446583i
2.46,1,0i,-0.813918,-0.524012i,2.467094,1.446583i
2.47,1,0i,-0.813918,-0.524012i,2.467095,1.446583i
2.48,1,0i,-0.813918,-0.524012i,2.467095,1.446583i
2.49,1,0i,-0.813918,-0.524012i,2.467095,1.446583i
2.5,1,0i,-0.813918,-0.524012i,2.467095,1.446583i
2.51,1,0i,-0.813918,-0.524012i,2.467095,1.446583i
2.52,1,0i,-0.813918,-0.524012i,2.467095,1.446583i
2.53,1,0i,-0.813918,-0.524012i,2.467095,1.446583i
2.54,1,0i,-0.813918,-0.524012i,2.467095,1.446583i
2.55,1,0i,-0.813918,-0.524012i,2.467095,1.446583i
2.56,1,0i,-0.813918,-0.524012i,2.467095,1.446583i
2.57,1,0i,-0.813918,-0.524012i,2.467095,1.446583i
2.58,1,0i,-0.813918,-0.524012i,2.467095,1.446583i
2.59,1,0i,-0.813918,-0.524012i,2.467095,1.446583i
2.6,1,0i,-0.813918,-0.524012i,2.467095,1.446583i
2.61,1,0i,-0.813918,-0.524012i,2.467095,1.446583i
2.62,1,0i,-0.813918,-0.524012i,2.467095,1.446583i
2.63,1,0i,-0.813918,-0.524012i,2.467095,1.446583i
2.64,1,0i,-0.813918,-0.524012i,2.467095,1.446583i
2.65,1,0i,-0.813918,-0.524012i,2.467095,1.446583i
2.66,1,0i,-0.813918,-0.524012i,2.467095,1.446583i
2.67,1,0i,-0.813918,-0.524012i,2.467095,1.446583i
2.68,1,0i,-0.813918,-0.524012i,2.467095,1.446583i
2.69,1,0i,-0.813918,-0.524012i,2.467095,1.446583i
2.7,1,0i,-0.813918,-0.524012i,2.467095,1.446583i
2.71,1,0i,-0.813918,-0.524012i,2.467095,1.446583i
2.72,1,0i,-0.813918,-0.524012i,2.467095,1.446583i
2.73,1,0i,-0.813918,-0.524012i,2.467095,1.446583i
2.74,1,0i,-0.813918,-0.524012i,2.467095,1.446583i
2.75,1,0i,-0.813918,-0.524012i,2.467095,1.446583i
2.76,1,0i,-0.813918,-0.524012i,2.467095,1.446583i
2.77,1,0i,-0.813918,-0.524012i,2.467095,1.446583i
2.78,1,0i,-0.813918,-0.524012i,2.467095,1.446583i
2.79,1,0i,-0.813918,-0.524012i,2.467095,1.446583i
2.8,1,0i,-0.813918,-0.524012i,2.467095,1.446583i
2.81,1,0i,-0.813918,-0.524012i,2.467095,1.446583i
2.82,1,0i,-0.813918,-0.524012i,2.467095,1.446583i
2.83,1,0i,-0.813918,-0.524012i,2.467095,1.446583i
2.84,1,0i,-0.813918,-0.524012i,2.467095,1.446583i
2.85,1,0i,-0.813918,-0.524012i,2.467095,1.446583i
2.86,1,0i,-0.813918,-0.524012i,2.467095,1.446583i
2.87,1,0i,-0.813918,-0.524012i,2.467095,1.446583i
2.88,1,0i,-0.813918,-0.524012i,2.467095,1.446583i
2.89,1,0i,-0.813918,-0.524012i,2.467095,1.446583i
2.9,1,0i,-0.813918,-0.524012i,2.467095,1.446583i
2.91,1,0i,-0.813918,-0.524012i,2.467095,1.446583i
2.92,1,0i,-0.813918,-0.524012i,2.467095,1.446583i
2.93,1,0i,-0.813918,-0.524012i,2.467095,1.446583i
2.94,1,0i,-0.813918,-0.524012i,2.467095,1.446583i
2.95,1,0i,-0.813918,-0.524012i,2.467095,1.446583i
2.96,1,0i,-0.813918,-0.524012i,2.467095,1.446583i
2.97,1,0i,-0.813918,-0.524012i,2.467095,1.446583i
2.98,1,0i,-0.813918,-0.524012i,2.467095,1.446583i
2.99,1,0i,-0.813918,-0.524012i,2.467095,1.446584i
3,1,0i,-0.813918,-0.524012i,2.467095,1.446584i
3.01,1,0i,-0.813918,-0.524012i,2.467095,1.446584i
3.02,1,0i,-0.813918,-0.524012i,2.467095,1.446584i
3.03,1,0i,-0.813918,-0.524012i,2.467095,1.446584i
3.04,1,0i,-0.813918,-0.524012i,2.467095,1.446584i
3.05,1,0i,-0.813918,-0.524012i,2.467095,1.446584i
3.06,1,0i,-0.813918,-0.524012i,2.467095,1.446584i
3.07,1,0i,-0.813918,-0.524012i,2.467095,1.446584i
3.08,1,0i,-0.813918,-0.524012i,2.467095,1.446584i
3.09,1,0i,-0.813918,-0.524012i,2.467095,1.446584i
3.1,1,0i,-0.813918,-0.524012i,2.467095,1.446584i
3.11,1,0i,-0.813918,-0.524012i,2.467095,1.446584i
3.12,1,0i,-0.813918,-0.524012i,2.467095,1.446584i
3.13,1,0i,-0.813918,-0.524012i,2.467095,1.446584i
3.14,1,0i,-0.813918,-0.524012i,2.467095,1.446584i
3.15,1,0i,-0.813918,-0.524012i,2.467095,1.446584i
3.16,1,0i,-0.813918,-0.524012i,2.467095,1.446584i
3.17,1,0i,-0.813918,-0.524012i,2.467095,1.446584i
3.18,1,0i,-0.813918,-0.524012i,2.467095,1.446584i
3.19,1,0i,-0.813918,-0.524012i,2.467095,1.446584i
3.2,1,0i,-0.813918,-0.524012i,2.467095,1.446584i
3.21,1,0i,-0.813918,-0.524012i,2.467095,1.446584i
3.22,1,0i,-0.813918,-0.524012i,2.467095,1.446584i
3.23,1,0i,-0.813918,-0.524012i,2.467095,1.446584i
3.24,1,0i,-0.813918,-0.524012i,2.467095,1.446584i
3.25,1,0i,-0.813918,-0.524012i,2.467095,1.446584i
3.26,1,0i,-0.813918,-0.524012i,2.467095,1.446584i
3.27,1,0i,-0.813918,-0.524012i,2.467095,1.446584i
3.28,1,0i,-0.813918,-0.524012i,2.467095,1.446584i
3.29,1,0i,-0.813918,-0.524012i,2.467095,1.446584i
3.3,1,0i,-0.813918,-0.524012i,2.467095,1.446584i
3.31,1,0i,-0.813918,-0.524012i,2.467095,1.446584i
3.32,1,0i,-0.813918,-0.524012i,2.467095,1.446584i
3.33,1,0i,-0.813918,-0.524012i,2.467095,1.446584i
3.34,1,0i,-0.813918,-0.524012i,2.467095,1.446584i
3.35,1,0i,-0.813918,-0.524012i,2.467095,1.446584i
3.36,1,0i,-0.813918,-0.524012i,2.467095,1.446584i
3.37,1,0i,-0.813918,-0.524012i,2.467095,1.446584i
3.38,1,0i,-0.813918,-0.524012i,2.467095,1.446584i
3.39,1,0i,-0.813918,-0.524012i,2.467095,1.446584i
3.4,1,0i,-0.813918,-0.524012i,2.467095,1.446584i
3.41,1,0i,-0.813918,-0.524012i,2.467095,1.446584i
3.42,1,0i,-0.813918,-0.524012i,2.467095,1.446584i
3.43,1,0i,-0.813918,-0.524012i,2.467095,1.446584i
3.44,1,0i,-0.813918,-0.524012i,2.467095,1.446584i
3.45,1,0i,-0.813918,-0.524012i,2.467095,1.446584i
3.46,1,0i,-0.813918,-0.524012i,2.467095,1.446584i
3.47,1,0i,-0.813918,-0.524012i,2.467095,1.446584i
3.48,1,0i,-0.813918,-0.524012i,2.467095,1.446584i
3.49,1,0i,-0.813918,-0.524012i,2.467095,1.446584i
3.5,1,0i,-0.813918,-0.524012i,2.467095,1.446584i
3.51,1,0i,-0.813918,-0.524012i,2.467095,1.446584i
3.52,1,0i,-0.813918,-0.524012i,2.467095,1.446584i
3.53,1,0i,-0.813918,-0.524012i,2.467095,1.446584i
3.54,1,0i,-0.813918,-0.524012i,2.467095,1.446584i
3.55,1,0i,-0.813918,-0.524012i,2.467095,1.446584i
3.56,1,0i,-0.813918,-0.524012i,2.467095,1.446584i
3.57,1,0i,-0.813918,-0.524012i,2.467095,1.446584i
3.58,1,0i,-0.813918,-0.524012i,2.467095,1.446584i
3.59,1,0i,-0.813918,-0.524012i,2.467095,1.446584i
3.6,1,0i,-0.813918,-0.524012i,2.467095,1.446584i
3.61,1,0i,-0.813918,-0.524012i,2.467095,1.446584i
3.62,1,0i,-0.813918,-0.524012i,2.467095,1.446584i
3.63,1,0i,-0.813918,-0.524012i,2.467095,1.446584i
3.64,1,0i,-0.813918,-0.524012i,2.467095,1.446584i
3.65,1,0i,-0.813918,-0.524012i,2.467095,1.446584i
3.66,1,0i,-0.813918,-0.524012i,2.467095,1.446584i
3.67,1,0i,-0.813918,-0.524012i,2.467095,1.446584i
3.68,1,0i,-0.813918,-0.524012i,2.467095,1.446584i
3.69,1,0i,-0.813918,-0.524012i,2.467095,1.446584i
3.7,1,0i,-0.813918,-0.524012i,2.467095,1.446584i
3.71,1,0i,-0.813918,-0.524012i,2.467095,1.446584i
3.72,1,0i,-0.813918,-0.524012i,2.467095,1.446584i
3.73,1,0i,-0.813918,-0.524012i,2.467095,1.446584i
3.74,1,0i,-0.813918,-0.524012i,2.467095,1.446584i
3.75,1,0i,-0.813918,-0.524012i,2.467095,1.446584i
3.76,1,0i,-0.813918,-0.524012i,2.467095,1.446584i
3.77,1,0i,-0.813918,-0.524012i,2.467095,1.446584i
3.78,1,0i,-0.813918,-0.524012i,2.467095,1.446584i
3.79,1,0i,-0.813918,-0.524012i,2.467095,1.446584i
3.8,1,0i,-0.813918,-0.524012i,2.467095,1.446584i
3.81,1,0i,-0.813918,-0.524012i,2.467095,1.446584i
3.82,1,0i,-0.813918,-0.524012i,2.467095,1.446584i
3.83,1,0i,-0.813918,-0.524012i,2.467095,1.446584i
3.84,1,0i,-0.813918,-0.524012i,2.467095,1.446584i
3.85,1,0i,-0.813918,-0.524012i,2.467095,1.446584i
3.86,1,0i,-0.813918,-0.524012i,2.467095,1.446584i
3.87,1,0i,-0.813918,-0.524012i,2.467095,1.446584i
3.88,1,0i,-0.813918,-0.524012i,2.467095,1.446584i
3.89,1,0i,-0.813918,-0.524012i,2.467095,1.446584i
3.9,1,0i,-0.813918,-0.524012i,2.467095,1.446584i
3.91,1,0i,-0.813918,-0.524012i,2.467095,1.446584i
3.92,1,0i,-0.813918,-0.524012i,2.467095,1.446584i
3.93,1,0i,-0.813918,-0.524012i,2.467095,1.446584i
3.94,1,0i,-0.813918,-0.524012i,2.467095,1.446584i
3.95,1,0i,-0.813918,-0.524012i,2.467095,1.446584i
3.96,1,0i,-0.813918,-0.524012i,2.467095,1.446584i
3.97,1,0i,-0.813918,-0.524012i,2.467095,1.446584i
3.98,1,0i,-0.813918,-0.524012i,2.467095,1.446584i
3.99,1,0i,-0.813918,-0.524012i,2.467095,1.446584i
4,1,0i,-0.813918,-0.524012i,2.467095,1.446584i
4.01,1,0i,-0.813918,-0.524012i,2.467095,1.446584i
4.02,1,0i,-0.813918,-0.524012i,2.467095,1.446584i
4.03,1,0i,-0.813918,-0.524012i,2.467095,1.446584i
4.04,1,0i,-0.813918,-0.524012i,2.467095,1.446584i
4.05,1,0i,-0.813918,-0.524012i,2.467095,1.446584i
4.06,1,0i,-0.813917,-0.524012i,2.467095,1.446584i
4.07,1,0i,-0.813917,-0.524012i,2.467095,1.446584i
4.08,1,0i,-0.813917,-0.524012i,2.467095,1.446584i
4.09,1,0i,-0.813917,-0.524012i,2.467095,1.446584i
4.1,1,0i,-0.813917,-0.524012i,2.467095,1.446584i
4.11,1,0i,-0.813917,-0.524012i,2.467095,1.446584i
4.12,1,0i,-0.813917,-0.524012i,2.467095,1.446584i
4.13,1,0i,-0.813917,-0.524012i,2.467095,1.446584i
4.14,1,0i,-0.813917,-0.524012i,2.467095,1.446584i
4.15,1,0i,-0.813917,-0.524012i,2.467095,1.446584i
4.16,1,0i,-0.813917,-0.524012i,2.467095,1.446584i
4.17,1,0i,-0.813917,-0.524012i,2.467095,1.446584i
4.18,1,0i,-0.813917,-0.524012i,2.467095,1.446584i
4.19,1,0i,-0.813917,-0.524012i,2.467095,1.446584i
4.2,1,0i,-0.813917,-0.524012i,2.467095,1.446584i
4.21,1,0i,-0.813917,-0.524012i,2.467095,1.446584i
4.22,1,0i,-0.813917,-0.524012i,2.467095,1.446584i
4.23,1,0i,-0.813917,-0.524012i,2.467095,1.446584i
4.24,1,0i,-0.813917,-0.524012i,2.467095,1.446585i
4.25,1,0i,-0.813917,-0.524012i,2.467095,1.446585i
4.26,1,0i,-0.813917,-0.524012i,2.467095,1.446585i
4.27,1,0i,-0.813917,-0.524012i,2.467095,1.446585i
4.28,1,0i,-0.813917,-0.524012i,2.467095,1.446585i
4.29,1,0i,-0.813917,-0.524012i,2.467095,1.446585i
4.3,1,0i,-0.813917,-0.524012i,2.467095,1.446585i
4.31,1,0i,-0.813917,-0.524012i,2.467095,1.446585i
4.32,1,0i,-0.813917,-0.524012i,2.467095,1.446585i
4.33,1,0i,-0.813917,-0.524012i,2.467095,1.446584i
4.34,1,0i,-0.813917,-0.524012i,2.467095,1.446584i
4.35,1,0i,-0.813917,-0.524012i,2.467095,1.446584i
4.36,1,0i,-0.813917,-0.524012i,2.467095,1.446584i
4.37,1,0i,-0.813917,-0.524012i,2.467095,1.446584i
4.38,1,0i,-0.813917,-0.524012i,2.467095,1.446584i
4.39,1,0i,-0.813917,-0.524012i,2.467095,1.446584i
4.4,1,0i,-0.813917,-0.524012i,2.467095,1.446584i
4.41,1,0i,-0.813917,-0.524012i,2.467095,1.446584i
4.42,1,0i,-0.813917,-0.524012i,2.467095,1.446584i
4.43,1,0i,-0.813917,-0.524012i,2.467095,1.446584i
4.44,1,0i,-0.813917,-0.524012i,2.467095,1.446584i
4.45,1,0i,-0.813917,-0.524012i,2.467095,1.446584i
4.46,1,0i,-0.813917,-0.524012i,2.467095,1.446584i
4.47,1,0i,-0.813917,-0.524012i,2.467095,1.446584i
4.48,1,0i,-0.813917,-0.524012i,2.467095,1.446584i
4.49,1,0i,-0.813917,-0.524012i,2.467095,1.446584i
4.5,1,0i,-0.813917,-0.524012i,2.467095,1.446584i
4.51,1,0i,-0.813917,-0.524012i,2.467095,1.446584i
4.52,1,0i,-0.813917,-0.524012i,2.467095,1.446584i
4.53,1,0i,-0.813917,-0.524012i,2.467095,1.446584i
4.54,1,0i,-0.813917,-0.524012i,2.467095,1.446584i
4.55,1,0i,-0.813917,-0.524012i,2.467095,1.446584i
4.56,1,0i,-0.813917,-0.524012i,2.467095,1.446584i
4.57,1,0i,-0.813917,-0.524012i,2.467095,1.446584i
4.58,1,0i,-0.813917,-0.524012i,2.467095,1.446584i
4.59,1,0i,-0.813917,-0.524012i,2.467095,1.446584i
4.6,1,0i,-0.813918,-0.524012i,2.467095,1.446584i
4.61,1,0i,-0.813918,-0.524012i,2.467095,1.446584i
4.62,1,0i,-0.813918,-0.524012i,2.467095,1.446584i
4.63,1,0i,-0.813918,-0.524012i,2.467095,1.446584i
4.64,1,0i,-0.813918,-0.524012i,2.467095,1.446584i
4.65,1,0i,-0.813918,-0.524012i,2.467095,1.446584i
4.66,1,0i,-0.813918,-0.524012i,2.467095,1.446584i
4.67,1,0i,-0.813918,-0.524012i,2.467095,1.446584i
4.68,1,0i,-0.813918,-0.524012i,2.467095,1.446584i
4.69,1,0i,-0.813918,-0.524012i,2.467095,1.446584i
4.7,1,0i,-0.813918,-0.524012i,2.467095,1.446584i
4.71,1,0i,-0.813918,-0.524012i,2.467095,1.446584i
4.72,1,0i,-0.813918,-0.524012i,2.467095,1.446584i
4.73,1,0i,-0.813918,-0.524012i,2.467095,1.446584i
4.74,1,0i,-0.813918,-0.524012i,2.467095,1.446584i
4.75,1,0i,-0.813918,-0.524012i,2.467095,1.446584i
4.76,1,0i,-0.813918,-0.524012i,2.467095,1.446584i
4.77,1,0i,-0.813918,-0.524012i,2.467095,1.446584i
4.78,1,0i,-0.813918,-0.524012i,2.467095,1.446584i
4.79,1,0i,-0.813917,-0.524012i,2.467095,1.446584i
4.8,1,0i,-0.813917,-0.524012i,2.467095,1.446584i
4.81,1,0i,-0.813917,-0.524012i,2.467095,1.446584i
4.82,1,0i,-0.813917,-0.524012i,2.467095,1.446584i
4.83,1,0i,-0.813917,-0.524012i,2.467095,1.446584i
4.84,1,0i,-0.813917,-0.524012i,2.467095,1.446584i
4.85,1,0i,-0.813917,-0.524012i,2.467095,1.446584i
4.86,1,0i,-0.813917,-0.524012i,2.467095,1.446584i
4.87,1,0i,-0.813917,-0.524012i,2.467095,1.446584i
4.88,1,0i,-0.813917,-0.524012i,2.467095,1.446584i
4.89,1,0i,-0.813917,-0.524012i,2.467095,1.446584i
4.9,1,0i,-0.813917,-0.524012i,2.467095,1.446584i
4.91,1,0i,-0.813917,-0.524012i,2.467095,1.446584i
4.92,1,0i,-0.813917,-0.524012i,2.467095,1.446584i
4.93,1,0i,-0.813917,-0.524012i,2.467095,1.446584i
4.94,1,0i,-0.813917,-0.524012i,2.467095,1.446584i
4.95,1,0i,-0.813917,-0.524012i,2.467095,1.446585i
4.96,1,0i,-0.813917,-0.524012i,2.467095,1.446585i
4.97,1,0i,-0.813917,-0.524012i,2.467095,1.446585i
4.98,1,0i,-0.813917,-0.524012i,2.467095,1.446585i
4.99,1,0i,-0.813917,-0.524012i,2.467095,1.446585i
5,1,0i,-0.813917,-0.524012i,2.467095,1.446585i
5.005,1,0i,-0.775139,-0.478038i,2.792301,1.121731i
5.011667,1,0i,-0.790313,-0.487861i,2.862944,1.045722i
5.021667,1,0i,-0.788213,-0.483472i,2.854422,1.050221i
5.031667,1,0i,-0.792175,-0.481277i,2.865,1.02583i
5.041667,1,0i,-0.789394,-0.481481i,2.885776,1.039559i
5.051667,1,0i,-0.792706,-0.477209i,2.889364,1.018953i
5.061667,1,0i,-0.796401,-0.471579i,2.888799,0.996379i
5.071667,1,0i,-0.800392,-0.465827i,2.890237,0.972904i
5.081667,1,0i,-0.803225,-0.461548i,2.900781,0.957083i
5.091667,1,0i,-0.806423,-0.456274i,2.908262,0.939009i
5.101667,1,0i,-0.81087,-0.449692i,2.911692,0.913777i
5.111667,1,0i,-0.815557,-0.4424i,2.913461,0.887036i
5.121667,1,0i,-0.820065,-0.435402i,2.918336,0.861545i
5.131667,1,0i,-0.824275,-0.428417i,2.924496,0.837591i
5.141667,1,0i,-0.828822,-0.420882i,2.929241,0.811365i
5.15,1,0i,-0.832791,-0.41415i,2.931868,0.788107i
5.155,1,0i,-0.878229,-0.453083i,2.635358,1.128834i
5.161667,1,0i,-0.86508,-0.43908i,2.578927,1.195438i
5.171667,1,0i,-0.872139,-0.435803i,2.595469,1.167666i
5.181667,1,0i,-0.872809,-0.43036i,2.594102,1.169754i
5.191667,1,0i,-0.879862,-0.422552i,2.581542,1.137073i
5.201667,1,0i,-0.880747,-0.419834i,2.588855,1.137453i
5.211667,1,0i,-0.882143,-0.417765i,2.59618,1.134397i
5.221667,1,0i,-0.883109,-0.415789i,2.600387,1.132656i
5.231667,1,0i,-0.884809,-0.412738i,2.596242,1.12581i
5.241667,1,0i,-0.88594,-0.410976i,2.59514,1.121834i
5.251667,1,0i,-0.886001,-0.410495i,2.59657,1.12324i
5.261667,1,0i,-0.885772,-0.410821i,2.598509,1.125847i
5.271667,1,0i,-0.885343,-0.411285i,2.597701,1.128894i
5.281667,1,0i,-0.884869,-0.412125i,2.595565,1.131772i
5.291667,1,0i,-0.88389,-0.413713i,2.593831,1.137025i
5.301667,1,0i,-0.882527,-0.416024i,2.592501,1.144015i
5.311667,1,0i,-0.880849,-0.418835i,2.590608,1.152293i
5.321667,1,0i,-0.878988,-0.422009i,2.587679,1.161113i
5.331667,1,0i,-0.876867,-0.425624i,2.584247,1.170919i
5.341667,1,0i,-0.874448,-0.429722i,2.580668,1.181929i
5.351667,1,0i,-0.871746,-0.434257i,2.576877,1.194033i
5.361667,1,0i,-0.868816,-0.439129i,2.572597,1.20691i
5.371667,1,0i,-0.865679,-0.444298i,2.567827,1.220425i
5.381667,1,0i,-0.862328,-0.449755i,2.562721,1.234634i
5.391667,1,0i,-0.858764,-0.45548i,2.557375,1.249518i
5.401667,1,0i,-0.855009,-0.461425i,2.551753,1.264963i
5.411667,1,0i,-0.85109,-0.467539i,2.545818,1.28082i
5.421667,1,0i,-0.847023,-0.473789i,2.539602,1.297016i
5.431667,1,0i,-0.84282,-0.480146i,2.533169,1.313506i
5.441667,1,0i,-0.838497,-0.48658i,2.526555,1.330225i
5.451667,1,0i,-0.834074,-0.493053i,2.519767,1.347079i
5.461667,1,0i,-0.829575,-0.499531i,2.512821,1.36398i
5.471667,1,0i,-0.825017,-0.505987i,2.50575,1.380864i
5.481667,1,0i,-0.820419,-0.512393i,2.498594,1.39767i
5.491667,1,0i,-0.815801,-0.518724i,2.491382,1.414334i
5.501667,1,0i,-0.811182,-0.524955i,2.484136,1.430789i
5.511667,1,0i,-0.806583,-0.531062i,2.476885,1.446972i
5.521667,1,0i,-0.802022,-0.537025i,2.46966,1.462833i
5.531667,1,0i,-0.797518,-0.542827i,2.462493,1.478321i
5.541667,1,0i,-0.793089,-0.548451i,2.455411,1.493389i
5.551667,1,0i,-0.788751,-0.553882i,2.448441,1.507991i
5.561667,1,0i,-0.784521,-0.559107i,2.44161,1.522087i
5.571667,1,0i,-0.780415,-0.564114i,2.434946,1.535642i
5.581667,1,0i,-0.776447,-0.568894i,2.428473,1.548624i
5.591667,1,0i,-0.77263,-0.573439i,2.422217,1.561005i
5.601667,1,0i,-0.768976,-0.577741i,2.416198,1.572759i
5.611667,1,0i,-0.765497,-0.581796i,2.410438,1.583865i
5.621667,1,0i,-0.762203,-0.5856i,2.404958,1.594304i
5.631667,1,0i,-0.759103,-0.589149i,2.399774,1.604062i
5.641667,1,0i,-0.756205,-0.59244i,2.394903,1.613127i
5.651667,1,0i,-0.753516,-0.595473i,2.39036,1.621489i
5.661667,1,0i,-0.751041,-0.598247i,2.386157,1.629141i
5.671667,1,0i,-0.748785,-0.600763i,2.382304,1.636081i
5.681667,1,0i,-0.746752,-0.60302i,2.378811,1.642305i
5.691667,1,0i,-0.744945,-0.605021i,2.375686,1.647815i
5.701667,1,0i,-0.743366,-0.606766i,2.372933,1.652611i
5.711667,1,0i,-0.742016,-0.608259i,2.370557,1.656697i
5.721667,1,0i,-0.740895,-0.609502i,2.368561,1.660079i
5.731667,1,0i,-0.740003,-0.610496i,2.366945,1.662762i
5.741667,1,0i,-0.739339,-0.611246i,2.365709,1.664755i
5.751667,1,0i,-0.738901,-0.611754i,2.364851,1.666066i
5.761667,1,0i,-0.738686,-0.612024i,2.364368,1.666704i
5.771667,1,0i,-0.738691,-0.612059i,2.364257,1.66668i
5.781667,1,0i,-0.738914,-0.611862i,2.364512,1.666005i
5.791667,1,0i,-0.739349,-0.611437i,2.365126,1.664691i
5.801667,1,0i,-0.739992,-0.610788i,2.366094,1.662749i
5.811667,1,0i,-0.740839,-0.609919i,2.367406,1.660194i
5.821667,1,0i,-0.741883,-0.608833i,2.369054,1.657038i
5.831667,1,0i,-0.743118,-0.607536i,2.371029,1.653296i
5.841667,1,0i,-0.744538,-0.60603i,2.37332,1.648983i
5.851667,1,0i,-0.746137,-0.604321i,2.375916,1.644113i
5.861667,1,0i,-0.747906,-0.602414i,2.378805,1.638704i
5.871667,1,0i,-0.749839,-0.600313i,2.381975,1.632772i
5.881667,1,0i,-0.751927,-0.598024i,2.385412,1.626335i
5.891667,1,0i,-0.754163,-0.595551i,2.389102,1.619412i
5.901667,1,0i,-0.756536,-0.592903i,2.393032,1.612021i
5.911667,1,0i,-0.759039,-0.590083i,2.397185,1.604184i
5.921667,1,0i,-0.761662,-0.5871i,2.401545,1.595923i
5.931667,1,0i,-0.764395,-0.583961i,2.406097,1.587259i
5.941667,1,0i,-0.767228,-0.580673i,2.410822,1.578217i
5.951667,1,0i,-0.770152,-0.577245i,2.415704,1.568823i
5.961667,1,0i,-0.773155,-0.573685i,2.420723,1.559103i
5.971667,1,0i,-0.776227,-0.570004i,2.425862,1.549085i
5.981667,1,0i,-0.779358,-0.56621i,2.4311,1.538798i
5.991667,1,0i,-0.782536,-0.562316i,2.436419,1.528274i
6.001667,1,0i,-0.78575,-0.558331i,2.441799,1.517545i
6.011667,1,0i,-0.788989,-0.554269i,2.447219,1.506643i
6.021667,1,0i,-0.792242,-0.550141i,2.45266,1.495605i
6.031667,1,0i,-0.795498,-0.545961i,2.458101,1.484466i
6.041667,1,0i,-0.798745,-0.541742i,2.463522,1.473263i
6.051667,1,0i,-0.801973,-0.537498i,2.468904,1.462036i
6.061667,1,0i,-0.805171,-0.533245i,2.474227,1.450822i
6.071667,1,0i,-0.808327,-0.528998i,2.479471,1.439663i
6.081667,1,0i,-0.811433,-0.524772i,2.484618,1.4286i
6.091667,1,0i,-0.814476,-0.520582i,2.489649,1.417673i
6.101667,1,0i,-0.817448,-0.516446i,2.494547,1.406924i
6.111667,1,0i,-0.820338,-0.512379i,2.499294,1.396394i
6.121667,1,0i,-0.823138,-0.508398i,2.503876,1.386126i
6.131667,1,0i,-0.825838,-0.504519i,2.508275,1.376161i
6.141667,1,0i,-0.828431,-0.500758i,2.512479,1.366538i
6.151667,1,0i,-0.830908,-0.497132i,2.516472,1.357298i
6.161667,1,0i,-0.833261,-0.493656i,2.520244,1.348479i
6.171667,1,0i,-0.835484,-0.490346i,2.523781,1.340118i
6.181667,1,0i,-0.83757,-0.487216i,2.527073,1.332251i
6.191667,1,0i,-0.839514,-0.484281i,2.530111,1.324912i
6.201667,1,0i,-0.841308,-0.481554i,2.532886,1.318133i
6.211667,1,0i,-0.84295,-0.479048i,2.535389,1.311944i
6.221667,1,0i,-0.844433,-0.476774i,2.537616,1.30637i
6.231667,1,0i,-0.845754,-0.474743i,2.539558,1.301438i
6.241667,1,0i,-0.846909,-0.472965i,2.541213,1.297168i
6.251667,1,0i,-0.847896,-0.471448i,2.542576,1.293578i
6.261667,1,0i,-0.848712,-0.470198i,2.543643,1.290685i
6.271667,1,0i,-0.849354,-0.469223i,2.544414,1.2885i
6.281667,1,0i,-0.849822,-0.468526i,2.544886,1.287032i
6.291667,1,0i,-0.850113,-0.46811i,2.545061,1.286286i
6.301667,1,0i,-0.850228,-0.467976i,2.544937,1.286264i
6.311667,1,0i,-0.850167,-0.468126i,2.544518,1.286963i
6.321667,1,0i,-0.849929,-0.468557i,2.543805,1.28838i
6.331667,1,0i,-0.849516,-0.469266i,2.542801,1.290504i
6.341667,1,0i,-0.848929,-0.47025i,2.541512,1.293325i
6.351667,1,0i,-0.84817,-0.471502i,2.539941,1.296825i
6.361667,1,0i,-0.847241,-0.473016i,2.538096,1.300986i
6.371667,1,0i,-0.846146,-0.474783i,2.535982,1.305787i
6.381667,1,0i,-0.844887,-0.476794i,2.533609,1.311202i
6.391667,1,0i,-0.84347,-0.479037i,2.530984,1.317203i
6.401667,1,0i,-0.841898,-0.4815i,2.528118,1.323761i
6.411667,1,0i,-0.840178,-0.484171i,2.525021,1.330842i
6.421667,1,0i,-0.838314,-0.487036i,2.521704,1.338412i
6.431667,1,0i,-0.836313,-0.49008i,2.518181,1.346433i
6.441667,1,0i,-0.834183,-0.493287i,2.514464,1.354867i
6.451667,1,0i,-0.831932,-0.496641i,2.510568,1.363674i
6.461667,1,0i,-0.829566,-0.500126i,2.506508,1.372811i
6.471667,1,0i,-0.827097,-0.503724i,2.5023,1.382238i
6.481667,1,0i,-0.824532,-0.507418i,2.497961,1.391909i
6.491667,1,0i,-0.821883,-0.51119i,2.493507,1.401782i
6.501667,1,0i,-0.819159,-0.515023i,2.488958,1.411813i
6.511667,1,0i,-0.816372,-0.5189i,2.484331,1.421956i
6.521667,1,0i,-0.813533,-0.522801i,2.479645,1.432167i
6.531667,1,0i,-0.810654,-0.526711i,2.474921,1.442404i
6.541667,1,0i,-0.807748,-0.530611i,2.470178,1.452621i
6.551667,1,0i,-0.804827,-0.534486i,2.465436,1.462778i
6.561667,1,0i,-0.801904,-0.538319i,2.460714,1.472831i
6.571667,1,0i,-0.798991,-0.542095i,2.456034,1.482741i
6.581667,1,0i,-0.796103,-0.545797i,2.451415,1.492467i
6.591667,1,0i,-0.793251,-0.549412i,2.446878,1.501971i
6.601667,1,0i,-0.790449,-0.552926i,2.442441,1.511217i
6.611667,1,0i,-0.78771,-0.556326i,2.438124,1.52017i
6.621667,1,0i,-0.785045,-0.5596i,2.433946,1.528795i
6.631667,1,0i,-0.782469,-0.562735i,2.429924,1.537062i
6.641667,1,0i,-0.779991,-0.565722i,2.426076,1.54494i
6.651667,1,0i,-0.777624,-0.56855i,2.422418,1.552401i
6.661667,1,0i,-0.775379,-0.57121i,2.418966,1.55942i
6.671667,1,0i,-0.773266,-0.573693i,2.415735,1.565974i
6.681667,1,0i,-0.771295,-0.575994i,2.412737,1.572039i
6.691667,1,0i,-0.769474,-0.578104i,2.409985,1.577597i
6.701667,1,0i,-0.767811,-0.580018i,2.40749,1.582631i
6.711667,1,0i,-0.766314,-0.581731i,2.405262,1.587126i
6.721667,1,0i,-0.76499,-0.583239i,2.403309,1.591069i
6.731667,1,0i,-0.763843,-0.584538i,2.401638,1.594449i
6.741667,1,0i,-0.762878,-0.585626i,2.400254,1.597258i
6.751667,1,0i,-0.762099,-0.586501i,2.399162,1.599491i
6.761667,1,0i,-0.761508,-0.587162i,2.398365,1.601144i
6.771667,1,0i,-0.761107,-0.587608i,2.397863,1.602215i
6.781667,1,0i,-0.760896,-0.587839i,2.397656,1.602706i
6.791667,1,0i,-0.760875,-0.587858i,2.397742,1.602619i
6.801667,1,0i,-0.761042,-0.587664i,2.398119,1.601961i
6.811667,1,0i,-0.761395,-0.587262i,2.398782,1.600738i
6.821667,1,0i,-0.761931,-0.586653i,2.399725,1.59896i
6.831667,1,0i,-0.762645,-0.585842i,2.40094,1.596639i
6.841667,1,0i,-0.763531,-0.584833i,2.402419,1.593788i
6.851667,1,0i,-0.764585,-0.583632i,2.404153,1.590424i
6.861667,1,0i,-0.765799,-0.582243i,2.406131,1.586564i
6.871667,1,0i,-0.767165,-0.580673i,2.408341,1.582227i
6.881667,1,0i,-0.768676,-0.57893i,2.410771,1.577434i
6.891667,1,0i,-0.770323,-0.577021i,2.413406,1.572208i
6.901667,1,0i,-0.772095,-0.574953i,2.416233,1.566573i
6.911667,1,0i,-0.773984,-0.572737i,2.419236,1.560555i
6.921667,1,0i,-0.77598,-0.57038i,2.422401,1.554181i
6.931667,1,0i,-0.77807,-0.567894i,2.425711,1.547479i
6.941667,1,0i,-0.780245,-0.565287i,2.429149,1.540479i
6.951667,1,0i,-0.782494,-0.562572i,2.432699,1.533211i
6.961667,1,0i,-0.784805,-0.559759i,2.436344,1.525707i
6.971667,1,0i,-0.787167,-0.55686i,2.440068,1.517998i
6.981667,1,0i,-0.789569,-0.553887i,2.443852,1.510118i
6.991667,1,0i,-0.791999,-0.550852i,2.44768,1.502099i
7.001667,1,0i,-0.794447,-0.547768i,2.451535,1.493975i
7.011667,1,0i,-0.796902,-0.544648i,2.455401,1.485781i
7.021667,1,0i,-0.799352,-0.541504i,2.459261,1.47755i
7.031667,1,0i,-0.801788,-0.538351i,2.4631,1.469315i
7.041667,1,0i,-0.8042,-0.5352i,2.466902,1.461112i
7.051667,1,0i,-0.806578,-0.532065i,2.470652,1.452972i
7.061667,1,0i,-0.808913,-0.528959i,2.474336,1.444929i
7.071667,1,0i,-0.811196,-0.525894i,2.47794,1.437015i
7.081667,1,0i,-0.813419,-0.522884i,2.481451,1.429262i
7.091667,1,0i,-0.815574,-0.519941i,2.484857,1.4217i
7.101667,1,0i,-0.817655,-0.517076i,2.488145,1.414358i
7.111667,1,0i,-0.819653,-0.514301i,2.491306,1.407266i
7.121667,1,0i,-0.821563,-0.511628i,2.494328,1.40045i
7.131667,1,0i,-0.823379,-0.509066i,2.497202,1.393935i
7.141667,1,0i,-0.825096,-0.506626i,2.49992,1.387746i
7.151667,1,0i,-0.82671,-0.504318i,2.502473,1.381906i
7.161667,1,0i,-0.828217,-0.502149i,2.504855,1.376435i
7.171667,1,0i,-0.829612,-0.500128i,2.50706,1.371351i
7.181667,1,0i,-0.830892,-0.498262i,2.509081,1.366673i
7.191667,1,0i,-0.832056,-0.496558i,2.510914,1.362415i
7.201667,1,0i,-0.833101,-0.49502i,2.512555,1.358591i
7.211667,1,0i,-0.834026,-0.493654i,2.514,1.35521i
7.221667,1,0i,-0.834828,-0.492464i,2.515248,1.352284i
7.231667,1,0i,-0.835508,-0.491452i,2.516297,1.349817i
7.241667,1,0i,-0.836065,-0.490621i,2.517144,1.347816i
7.251667,1,0i,-0.836499,-0.489973i,2.517791,1.346282i
7.261667,1,0i,-0.83681,-0.489507i,2.518237,1.345216i
7.271667,1,0i,-0.837,-0.489222i,2.518483,1.344617i
7.281667,1,0i,-0.837069,-0.489119i,2.51853,1.344481i
7.291667,1,0i,-0.837019,-0.489195i,2.518382,1.344803i
7.301667,1,0i,-0.836852,-0.489447i,2.51804,1.345576i
7.311667,1,0i,-0.836571,-0.489871i,2.517508,1.346789i
7.321667,1,0i,-0.836176,-0.490463i,2.516791,1.348433i
7.331667,1,0i,-0.835672,-0.491218i,2.515892,1.350494i
7.341667,1,0i,-0.835061,-0.492131i,2.514817,1.352958i
7.351667,1,0i,-0.834347,-0.493195i,2.513571,1.35581i
7.361667,1,0i,-0.833534,-0.494403i,2.512161,1.359033i
7.371667,1,0i,-0.832625,-0.495749i,2.510593,1.362608i
7.381667,1,0i,-0.831625,-0.497225i,2.508874,1.366515i
7.391667,1,0i,-0.830538,-0.498821i,2.507012,1.370734i
7.401667,1,0i,-0.829368,-0.500531i,2.505015,1.375244i
7.411667,1,0i,-0.828122,-0.502344i,2.502891,1.380023i
7.421667,1,0i,-0.826803,-0.504253i,2.50065,1.385047i
7.431667,1,0i,-0.825417,-0.506247i,2.498299,1.390292i
7.441667,1,0i,-0.823971,-0.508317i,2.49585,1.395736i
7.451667,1,0i,-0.822468,-0.510455i,2.493311,1.401354i
7.461667,1,0i,-0.820917,-0.512649i,2.490693,1.40712i
7.471667,1,0i,-0.819322,-0.514891i,2.488006,1.413011i
7.481667,1,0i,-0.817689,-0.517171i,2.48526,1.419002i
7.491667,1,0i,-0.816026,-0.519479i,2.482467,1.425067i
7.501667,1,0i,-0.814338,-0.521807i,2.479637,1.431184i
7.511667,1,0i,-0.812632,-0.524143i,2.476782,1.437327i
7.521667,1,0i,-0.810915,-0.526481i,2.473911,1.443473i
7.531667,1,0i,-0.809192,-0.528809i,2.471037,1.449598i
7.541667,1,0i,-0.807471,-0.531121i,2.46817,1.455679i
7.551667,1,0i,-0.805758,-0.533407i,2.465321,1.461694i
7.561667,1,0i,-0.80406,-0.535658i,2.462501,1.467622i
7.571667,1,0i,-0.802383,-0.537868i,2.459721,1.47344i
7.581667,1,0i,-0.800733,-0.540029i,2.456991,1.47913i
7.591667,1,0i,-0.799117,-0.542132i,2.454322,1.484671i
7.601667,1,0i,-0.797541,-0.544172i,2.451723,1.490045i
7.611667,1,0i,-0.79601,-0.546142i,2.449205,1.495233i
7.621667,1,0i,-0.794531,-0.548035i,2.446776,1.500219i
7.631667,1,0i,-0.793108,-0.549846i,2.444445,1.504988i
7.641667,1,0i,-0.791748,-0.551569i,2.442222,1.509523i
7.651667,1,0i,-0.790455,-0.553198i,2.440114,1.513811i
7.661667,1,0i,-0.789234,-0.554731i,2.438128,1.517839i
7.671667,1,0i,-0.78809,-0.556161i,2.436272,1.521596i
7.681667,1,0i,-0.787026,-0.557485i,2.434553,1.525069i
7.691667,1,0i,-0.786046,-0.558699i,2.432975,1.52825i
7.701667,1,0i,-0.785155,-0.559801i,2.431546,1.53113i
7.711667,1,0i,-0.784354,-0.560788i,2.430268,1.5337i
7.721667,1,0i,-0.783647,-0.561657i,2.429147,1.535955i
7.731667,1,0i,-0.783037,-0.562406i,2.428185,1.537889i
7.741667,1,0i,-0.782524,-0.563033i,2.427387,1.539498i
7.751667,1,0i,-0.78211,-0.563538i,2.426752,1.540778i
7.761667,1,0i,-0.781798,-0.56392i,2.426284,1.541728i
7.771667,1,0i,-0.781586,-0.564178i,2.425982,1.542347i
7.781667,1,0i,-0.781476,-0.564312i,2.425847,1.542634i
7.791667,1,0i,-0.781468,-0.564323i,2.425878,1.542591i
7.801667,1,0i,-0.78156,-0.56421i,2.426074,1.54222i
7.811667,1,0i,-0.781752,-0.563977i,2.426432,1.541525i
7.821667,1,0i,-0.782043,-0.563623i,2.42695,1.540511i
7.831667,1,0i,-0.78243,-0.563151i,2.427625,1.539182i
7.841667,1,0i,-0.782911,-0.562562i,2.428453,1.537546i
7.851667,1,0i,-0.783485,-0.561861i,2.429428,1.535611i
7.861667,1,0i,-0.784147,-0.561049i,2.430546,1.533385i
7.871667,1,0i,-0.784895,-0.56013i,2.431802,1.530877i
7.881667,1,0i,-0.785724,-0.559107i,2.433188,1.5281i
7.891667,1,0i,-0.786632,-0.557985i,2.434699,1.525063i
7.901667,1,0i,-0.787613,-0.556769i,2.436326,1.521781i
7.911667,1,0i,-0.788663,-0.555462i,2.438063,1.518266i
7.921667,1,0i,-0.789778,-0.554069i,2.439901,1.514533i
7.931667,1,0i,-0.790951,-0.552598i,2.441833,1.510597i
7.941667,1,0i,-0.792179,-0.551052i,2.443848,1.506473i
7.951667,1,0i,-0.793455,-0.549437i,2.445939,1.502178i
7.961667,1,0i,-0.794774,-0.547761i,2.448096,1.49773i
7.971667,1,0i,-0.79613,-0.54603i,2.450309,1.493145i
7.981667,1,0i,-0.797517,-0.54425i,2.45257,1.488443i
7.991667,1,0i,-0.798931,-0.542428i,2.454869,1.483642i
8.001667,1,0i,-0.800363,-0.540571i,2.457195,1.478761i
8.011667,1,0i,-0.80181,-0.538688i,2.45954,1.473819i
8.021667,1,0i,-0.803264,-0.536784i,2.461894,1.468837i
8.031667,1,0i,-0.80472,-0.534867i,2.464247,1.463833i
8.041667,1,0i,-0.806172,-0.532946i,2.46659,1.458828i
8.051667,1,0i,-0.807615,-0.531028i,2.468913,1.453842i
8.061667,1,0i,-0.809042,-0.52912i,2.471208,1.448895i
8.071667,1,0i,-0.810449,-0.52723i,2.473466,1.444005i
8.081667,1,0i,-0.811829,-0.525366i,2.475677,1.439193i
8.091667,1,0i,-0.813178,-0.523535i,2.477835,1.434478i
8.101667,1,0i,-0.814492,-0.521744i,2.47993,1.429878i
8.111667,1,0i,-0.815764,-0.520001i,2.481955,1.425411i
8.121667,1,0i,-0.816991,-0.518312i,2.483903,1.421094i
8.131667,1,0i,-0.818168,-0.516685i,2.485767,1.416945i
8.141667,1,0i,-0.819292,-0.515126i,2.48754,1.41298i
8.151667,1,0i,-0.820359,-0.51364i,2.489217,1.409214i
8.161667,1,0i,-0.821364,-0.512235i,2.490792,1.405661i
8.171667,1,0i,-0.822306,-0.510914i,2.49226,1.402334i
8.181667,1,0i,-0.82318,-0.509684i,2.493616,1.399247i
8.191667,1,0i,-0.823985,-0.508549i,2.494856,1.396409i
8.201667,1,0i,-0.824718,-0.507513i,2.495977,1.393832i
8.211667,1,0i,-0.825377,-0.50658i,2.496974,1.391524i
8.221667,1,0i,-0.825961,-0.505753i,2.497846,1.389493i
8.231667,1,0i,-0.826467,-0.505036i,2.498591,1.387746i
8.241667,1,0i,-0.826896,-0.504429i,2.499206,1.386287i
8.251667,1,0i,-0.827245,-0.503936i,2.499691,1.385121i
8.261667,1,0i,-0.827515,-0.503557i,2.500044,1.384249i
8.271667,1,0i,-0.827704,-0.503292i,2.500266,1.383674i
8.281667,1,0i,-0.827814,-0.503143i,2.500357,1.383395i
8.291667,1,0i,-0.827845,-0.503108i,2.500318,1.383411i
8.301667,1,0i,-0.827797,-0.503187i,2.50015,1.383719i
8.311667,1,0i,-0.82767,-0.503379i,2.499855,1.384315i
8.321667,1,0i,-0.827467,-0.503681i,2.499434,1.385194i
8.331667,1,0i,-0.827189,-0.504091i,2.498891,1.38635i
8.341667,1,0i,-0.826837,-0.504606i,2.498229,1.387775i
8.351667,1,0i,-0.826414,-0.505223i,2.497451,1.38946i
8.361667,1,0i,-0.82592,-0.505939i,2.496561,1.391396i
8.371667,1,0i,-0.82536,-0.506748i,2.495563,1.393572i
8.381667,1,0i,-0.824736,-0.507647i,2.494463,1.395977i
8.391667,1,0i,-0.82405,-0.508631i,2.493264,1.398598i
8.401667,1,0i,-0.823306,-0.509694i,2.491973,1.401423i
8.411667,1,0i,-0.822506,-0.510832i,2.490596,1.404436i
8.421667,1,0i,-0.821656,-0.512038i,2.489137,1.407623i
8.431667,1,0i,-0.820757,-0.513306i,2.487604,1.41097i
8.441667,1,0i,-0.819815,-0.514631i,2.486003,1.41446i
8.451667,1,0i,-0.818833,-0.516006i,2.484341,1.418078i
8.461667,1,0i,-0.817815,-0.517425i,2.482625,1.421807i
8.471667,1,0i,-0.816766,-0.518881i,2.480862,1.425631i
8.481667,1,0i,-0.81569,-0.520368i,2.47906,1.429533i
8.491667,1,0i,-0.814592,-0.521879i,2.477225,1.433495i
8.501667,1,0i,-0.813475,-0.523407i,2.475365,1.437502i
8.511667,1,0i,-0.812346,-0.524947i,2.473489,1.441536i
8.521667,1,0i,-0.811208,-0.526491i,2.471602,1.44558i
8.531667,1,0i,-0.810066,-0.528033i,2.469715,1.449618i
8.541667,1,0i,-0.808925,-0.529567i,2.467833,1.453634i
8.551667,1,0i,-0.807789,-0.531087i,2.465964,1.457611i
8.561667,1,0i,-0.806664,-0.532586i,2.464116,1.461534i
8.571667,1,0i,-0.805553,-0.53406i,2.462297,1.465388i
8.581667,1,0i,-0.804462,-0.535501i,2.460512,1.469158i
8.591667,1,0i,-0.803394,-0.536906i,2.45877,1.472831i
8.601667,1,0i,-0.802354,-0.538269i,2.457077,1.476391i
8.611667,1,0i,-0.801347,-0.539584i,2.45544,1.479827i
8.621667,1,0i,-0.800375,-0.540847i,2.453864,1.483127i
8.631667,1,0i,-0.799443,-0.542055i,2.452357,1.486278i
8.641667,1,0i,-0.798555,-0.543202i,2.450923,1.48927i
8.651667,1,0i,-0.797714,-0.544285i,2.449567,1.492092i
8.661667,1,0i,-0.796923,-0.5453i,2.448295,1.494736i
8.671667,1,0i,-0.796185,-0.546245i,2.447112,1.497193i
8.681667,1,0i,-0.795502,-0.547116i,2.446021,1.499455i
8.691667,1,0i,-0.794878,-0.547911i,2.445025,1.501515i
8.701667,1,0i,-0.794315,-0.548627i,2.44413,1.503368i
8.711667,1,0i,-0.793814,-0.549263i,2.443336,1.505009i
8.721667,1,0i,-0.793376,-0.549818i,2.442647,1.506432i
8.731667,1,0i,-0.793004,-0.550289i,2.442064,1.507635i
8.741667,1,0i,-0.792699,-0.550675i,2.44159,1.508615i
8.751667,1,0i,-0.79246,-0.550977i,2.441224,1.509371i
8.761667,1,0i,-0.792289,-0.551194i,2.440967,1.509902i
8.771667,1,0i,-0.792185,-0.551325i,2.44082,1.510208i
8.781667,1,0i,-0.792149,-0.551372i,2.440782,1.51029i
8.791667,1,0i,-0.79218,-0.551334i,2.440852,1.510149i
8.801667,1,0i,-0.792277,-0.551212i,2.441029,1.509789i
8.811667,1,0i,-0.79244,-0.551009i,2.441311,1.509212i
8.821667,1,0i,-0.792667,-0.550725i,2.441695,1.508424i
8.831667,1,0i,-0.792955,-0.550361i,2.44218,1.507428i
8.841667,1,0i,-0.793305,-0.549921i,2.442762,1.506231i
8.851667,1,0i,-0.793713,-0.549406i,2.443437,1.504839i
8.861667,1,0i,-0.794178,-0.548819i,2.444203,1.503259i
8.871667,1,0i,-0.794696,-0.548163i,2.445055,1.501499i
8.881667,1,0i,-0.795266,-0.54744i,2.445988,1.499567i
8.891667,1,0i,-0.795884,-0.546654i,2.446998,1.497472i
8.901667,1,0i,-0.796547,-0.545808i,2.44808,1.495224i
8.911667,1,0i,-0.797252,-0.544907i,2.449229,1.492833i
8.921667,1,0i,-0.797995,-0.543954i,2.450439,1.490309i
8.931667,1,0i,-0.798774,-0.542952i,2.451705,1.487663i
8.941667,1,0i,-0.799585,-0.541907i,2.45302,1.484906i
8.951667,1,0i,-0.800424,-0.540822i,2.45438,1.482051i
8.961667,1,0i,-0.801287,-0.539702i,2.455778,1.479108i
8.971667,1,0i,-0.80217,-0.538552i,2.457209,1.476091i
8.981667,1,0i,-0.803071,-0.537376i,2.458665,1.473012i
8.991667,1,0i,-0.803984,-0.536178i,2.460141,1.469882i
9.001667,1,0i,-0.804906,-0.534965i,2.46163,1.466716i
9.011667,1,0i,-0.805834,-0.53374i,2.463128,1.463525i
9.021667,1,0i,-0.806764,-0.532509i,2.464626,1.460323i
9.031667,1,0i,-0.807692,-0.531276i,2.46612,1.457122i
9.041667,1,0i,-0.808613,-0.530047i,2.467604,1.453935i
9.051667,1,0i,-0.809526,-0.528825i,2.469072,1.450775i
9.061667,1,0i,-0.810426,-0.527617i,2.470517,1.447653i
9.071667,1,0i,-0.81131,-0.526426i,2.471936,1.444581i
9.081667,1,0i,-0.812175,-0.525257i,2.473322,1.441572i
9.091667,1,0i,-0.813017,-0.524114i,2.47467,1.438637i
9.101667,1,0i,-0.813834,-0.523003i,2.475976,1.435787i
9.111667,1,0i,-0.814623,-0.521927i,2.477234,1.433033i
9.121667,1,0i,-0.81538,-0.52089i,2.478441,1.430385i
9.131667,1,0i,-0.816105,-0.519897i,2.479592,1.427852i
9.141667,1,0i,-0.816793,-0.51895i,2.480683,1.425444i
9.151667,1,0i,-0.817443,-0.518053i,2.481711,1.423169i
9.161667,1,0i,-0.818054,-0.51721i,2.482673,1.421036i
9.171667,1,0i,-0.818622,-0.516423i,2.483565,1.419051i
9.181667,1,0i,-0.819147,-0.515695i,2.484384,1.417222i
9.191667,1,0i,-0.819627,-0.515028i,2.485129,1.415554i
9.201667,1,0i,-0.82006,-0.514426i,2.485797,1.414052i
9.211667,1,0i,-0.820447,-0.513888i,2.486387,1.412722i
9.221667,1,0i,-0.820784,-0.513418i,2.486896,1.411566i
9.231667,1,0i,-0.821073,-0.513016i,2.487324,1.410588i
9.241667,1,0i,-0.821312,-0.512684i,2.48767,1.409791i
9.251667,1,0i,-0.821501,-0.512421i,2.487933,1.409175i
9.261667,1,0i,-0.821641,-0.51223i,2.488114,1.408742i
9.271667,1,0i,-0.82173,-0.512108i,2.488211,1.408491i
9.281667,1,0i,-0.821769,-0.512057i,2.488227,1.408422i
9.291667,1,0i,-0.821758,-0.512076i,2.48816,1.408534i
9.301667,1,0i,-0.821699,-0.512164i,2.488013,1.408823i
9.311667,1,0i,-0.821591,-0.51232i,2.487787,1.409287i
9.321667,1,0i,-0.821436,-0.512542i,2.487483,1.409923i
9.331667,1,0i,-0.821235,-0.51283i,2.487103,1.410726i
9.341667,1,0i,-0.820988,-0.51318i,2.486649,1.411691i
9.351667,1,0i,-0.820698,-0.513592i,2.486123,1.412813i
9.361667,1,0i,-0.820366,-0.514062i,2.485529,1.414086i
9.371667,1,0i,-0.819993,-0.514588i,2.484869,1.415502i
9.381667,1,0i,-0.819581,-0.515168i,2.484146,1.417055i
9.391667,1,0i,-0.819133,-0.515798i,2.483364,1.418737i
9.401667,1,0i,-0.818649,-0.516475i,2.482526,1.42054i
9.411667,1,0i,-0.818133,-0.517197i,2.481635,1.422456i
9.421667,1,0i,-0.817587,-0.517958i,2.480696,1.424475i
9.431667,1,0i,-0.817012,-0.518757i,2.479712,1.426588i
9.441667,1,0i,-0.816413,-0.519589i,2.478688,1.428787i
9.451667,1,0i,-0.81579,-0.520451i,2.477628,1.43106i
9.461667,1,0i,-0.815146,-0.521339i,2.476537,1.433399i
9.471667,1,0i,-0.814485,-0.522248i,2.475418,1.435793i
9.481667,1,0i,-0.813809,-0.523176i,2.474278,1.438233i
9.491667,1,0i,-0.813121,-0.524117i,2.473119,1.440707i
9.501667,1,0i,-0.812424,-0.525069i,2.471947,1.443206i
9.511667,1,0i,-0.811719,-0.526027i,2.470767,1.44572i
9.521667,1,0i,-0.811011,-0.526987i,2.469583,1.448238i
9.531667,1,0i,-0.810303,-0.527946i,2.468399,1.450751i
9.541667,1,0i,-0.809596,-0.5289i,2.467222,1.453248i
9.551667,1,0i,-0.808894,-0.529844i,2.466055,1.45572i
9.561667,1,0i,-0.808199,-0.530775i,2.464902,1.458157i
9.571667,1,0i,-0.807515,-0.531691i,2.463769,1.46055i
9.581667,1,0i,-0.806844,-0.532586i,2.462659,1.46289i
9.591667,1,0i,-0.806188,-0.533459i,2.461578,1.465169i
9.601667,1,0i,-0.80555,-0.534305i,2.460528,1.467378i
9.611667,1,0i,-0.804933,-0.535122i,2.459514,1.469508i
9.621667,1,0i,-0.804339,-0.535906i,2.45854,1.471553i
9.631667,1,0i,-0.80377,-0.536656i,2.457609,1.473505i
9.641667,1,0i,-0.803229,-0.537368i,2.456725,1.475357i
9.651667,1,0i,-0.802717,-0.53804i,2.455891,1.477103i
9.661667,1,0i,-0.802236,-0.53867i,2.455109,1.478738i
9.671667,1,0i,-0.801788,-0.539256i,2.454383,1.480255i
9.681667,1,0i,-0.801375,-0.539795i,2.453715,1.481651i
9.691667,1,0i,-0.800997,-0.540287i,2.453108,1.48292i
9.701667,1,0i,-0.800658,-0.540729i,2.452563,1.484059i
9.711667,1,0i,-0.800356,-0.541121i,2.452081,1.485064i
9.721667,1,0i,-0.800094,-0.541461i,2.451665,1.485933i
9.731667,1,0i,-0.799873,-0.541748i,2.451316,1.486664i
9.741667,1,0i,-0.799692,-0.541983i,2.451034,1.487254i
9.751667,1,0i,-0.799553,-0.542164i,2.450819,1.487704i
9.761667,1,0i,-0.799455,-0.54229i,2.450674,1.488011i
9.771667,1,0i,-0.799399,-0.542363i,2.450596,1.488177i
9.781667,1,0i,-0.799384,-0.542382i,2.450586,1.488201i
9.791667,1,0i,-0.799411,-0.542348i,2.450644,1.488085i
9.801667,1,0i,-0.799479,-0.54226i,2.450769,1.487831i
9.811667,1,0i,-0.799587,-0.54212i,2.450958,1.48744i
9.821667,1,0i,-0.799735,-0.541929i,2.451213,1.486915i
9.831667,1,0i,-0.799921,-0.541688i,2.451529,1.486259i
9.841667,1,0i,-0.800145,-0.541398i,2.451907,1.485476i
9.851667,1,0i,-0.800406,-0.541061i,2.452343,1.48457i
9.861667,1,0i,-0.800701,-0.540677i,2.452835,1.483545i
9.871667,1,0i,-0.80103,-0.54025i,2.453381,1.482406i
9.881667,1,0i,-0.801391,-0.539781i,2.453978,1.481159i
9.891667,1,0i,-0.801783,-0.539271i,2.454623,1.479809i
9.901667,1,0i,-0.802202,-0.538724i,2.455314,1.478363i
9.911667,1,0i,-0.802648,-0.538142i,2.456046,1.476826i
9.921667,1,0i,-0.803118,-0.537527i,2.456817,1.475206i
9.931667,1,0i,-0.803611,-0.536882i,2.457622,1.473509i
9.941667,1,0i,-0.804123,-0.536209i,2.458459,1.471743i
9.951667,1,0i,-0.804654,-0.535511i,2.459324,1.469915i
9.961667,1,0i,-0.8052,-0.534792i,2.460213,1.468033i
9.971667,1,0i,-0.805759,-0.534054i,2.461122,1.466105i
9.981667,1,0i,-0.806328,-0.5333i,2.462047,1.464139i
9.991667,1,0i,-0.806907,-0.532533i,2.462984,1.462143i
10,1,0i,-0.807394,-0.531887i,2.463773,1.460461i
10.005,1,0i,-0.800987,-0.546808i,2.436296,1.493867i
10.011667,1,0i,-0.798497,-0.546453i,2.429973,1.505225i
10.021667,1,0i,-0.797673,-0.548341i,2.430481,1.507908i
10.031667,1,0i,-0.795647,-0.550397i,2.426745,1.515622i
10.041667,1,0i,-0.793925,-0.553083i,2.422558,1.5211i
10.051667,1,0i,-0.791024,-0.556686i,2.418536,1.531919i
10.061667,1,0i,-0.787983,-0.56073i,2.412772,1.542476i
10.071667,1,0i,-0.784455,-0.565302i,2.40558,1.554509i
10.081667,1,0i,-0.780484,-0.57041i,2.397036,1.567709i
10.091667,1,0i,-0.775857,-0.576258i,2.388072,1.583159i
10.101667,1,0i,-0.770587,-0.582728i,2.378127,1.600603i
10.111667,1,0i,-0.764762,-0.589768i,2.367035,1.619451i
10.121667,1,0i,-0.758338,-0.597338i,2.354629,1.639784i
10.131667,1,0i,-0.751279,-0.605474i,2.341158,1.66168i
10.141667,1,0i,-0.743511,-0.614169i,2.326629,1.685357i
10.151667,1,0i,-0.73505,-0.623383i,2.310939,1.710584i
10.161667,1,0i,-0.725879,-0.633073i,2.293975,1.737269i
10.171667,1,0i,-0.71598,-0.643214i,2.275729,1.765354i
10.181667,1,0i,-0.705309,-0.653787i,2.25622,1.794899i
10.191667,1,0i,-0.693842,-0.664759i,2.235413,1.825867i
10.201667,1,0i,-0.681559,-0.676088i,2.213245,1.858178i
10.211667,1,0i,-0.668441,-0.68773i,2.189663,1.891764i
10.221667,1,0i,-0.654461,-0.699648i,2.164635,1.926596i
10.231667,1,0i,-0.639589,-0.711799i,2.138126,1.962654i
10.241667,1,0i,-0.623803,-0.724135i,2.110086,1.999893i
10.251667,1,0i,-0.607078,-0.736607i,2.080452,2.038261i
10.261667,1,0i,-0.589391,-0.749162i,2.049166,2.077713i
10.271667,1,0i,-0.570716,-0.761748i,2.016166,2.11822i
10.281667,1,0i,-0.551026,-0.774308i,1.981384,2.159753i
10.291667,1,0i,-0.530296,-0.786783i,1.944739,2.202277i
10.301667,1,0i,-0.508501,-0.799111i,1.906141,2.245759i
10.311667,1,0i,-0.485612,-0.811228i,1.86549,2.290172i
10.321667,1,0i,-0.461601,-0.823067i,1.822675,2.335495i
10.331667,1,0i,-0.436437,-0.834555i,1.777568,2.381707i
10.341667,1,0i,-0.41009,-0.845619i,1.730023,2.428789i
10.351667,1,0i,-0.382526,-0.856177i,1.679875,2.476722i
10.361667,1,0i,-0.353708,-0.866145i,1.626934,2.525491i
10.371667,1,0i,-0.323598,-0.87543i,1.570984,2.575079i
10.381667,1,0i,-0.292153,-0.883932i,1.511777,2.625469i
10.391667,1,0i,-0.259329,-0.891542i,1.449026,2.676638i
10.401667,1,0i,-0.225078,-0.898139i,1.382403,2.728558i
10.411667,1,0i,-0.189348,-0.90359i,1.311529,2.781188i
10.421667,1,0i,-0.152084,-0.907744i,1.235967,2.834476i
10.431667,1,0i,-0.113228,-0.910433i,1.155212,2.888343i
10.441667,1,0i,-0.072721,-0.911463i,1.068682,2.942682i
10.451667,1,0i,-0.030503,-0.910616i,0.975698,2.997342i
10.461667,1,0i,0.013485,-0.907638i,0.875481,3.052115i
10.471667,1,0i,0.059296,-0.902237i,0.767122,3.106713i
10.481667,1,0i,0.106974,-0.894074i,0.649572,3.160741i
10.491667,1,0i,0.156546,-0.882754i,0.521615,3.213664i
10.501667,1,0i,0.208014,-0.867817i,0.381849,3.264751i
10.511667,1,0i,0.262274,-0.848499i,0.226613,3.313061i
10.521667,1,0i,0.317558,-0.824299i,0.056598,3.357451i
10.531667,1,0i,0.374393,-0.794832i,-0.129501,3.395802i
10.541667,1,0i,0.432481,-0.758802i,-0.336285,3.425453i
10.551667,1,0i,0.491436,-0.715522i,-0.564964,3.443698i
10.561667,1,0i,0.55052,-0.663672i,-0.819356,3.445863i
10.571667,1,0i,0.60867,-0.602279i,-1.100973,3.426055i
10.581667,1,0i,0.655622,-0.501823i,-1.548424,3.317174i
10.591667,1,0i,0.579703,-0.221534i,-2.798183,2.489256i
10.601667,1,0i,0.712522,-0.421208i,-1.73416,2.960806i
10.611667,1,0i,0.76921,-0.242639i,-2.489908,2.835921i
10.621667,1,0i,0.746904,-0.152057i,-2.723659,2.361959i
10.631667,1,0i,0.783273,-0.065346i,-2.928552,2.185671i
10.641667,1,0i,0.776156,0.046333i,-3.188765,1.785247i
10.651667,1,0i,0.767877,0.151938i,-3.368087,1.396819i
10.661667,1,0i,0.740912,0.267915i,-3.535873,0.932472i
10.671667,1,0i,0.696155,0.38262i,-3.632231,0.413995i
10.676667,1,0i,0.664903,0.439106i,-3.643483,0.134396i
10.681667,1,0i,0.632523,0.497242i,-3.653912,-0.154307i
10.688333,1,0i,0.579149,0.570152i,-3.615983,-0.551044i
10.698333,1,0i,0.483458,0.670256i,-3.469985,-1.154973i
10.708333,1,0i,0.368829,0.757277i,-3.208951,-1.756364i
10.718333,1,0i,0.237722,0.826289i,-2.824691,-2.32353i
10.728333,1,0i,0.093523,0.874025i,-2.324111,-2.823067i
10.738333,1,0i,-0.059918,0.897121i,-1.72027,-3.223547i
10.748333,1,0i,-0.218655,0.893291i,-1.03731,-3.500665i
10.758333,1,0i,-0.378202,0.860399i,-0.304095,-3.637249i
10.768333,1,0i,-0.532329,0.797456i,0.443407,-3.619952i
10.778333,1,0i,-0.675414,0.704733i,1.167349,-3.451853i
10.783333,1,0i,-0.738222,0.64385i,1.50176,-3.297846i
10.788333,1,0i,-0.801898,0.582879i,1.836792,-3.143524i
10.795,1,0i,-0.87288,0.486121i,2.240764,-2.868877i
10.805,1,0i,-0.953914,0.322345i,2.76076,-2.369672i
10.815,1,0i,-1.001022,0.141659i,3.164323,-1.793678i
10.825,1,0i,-1.009437,-0.048875i,3.445621,-1.165441i
10.835,1,0i,-0.97673,-0.240245i,3.601752,-0.510304i
10.845,1,0i,-0.90451,-0.409877i,3.571304,0.133397i
10.855,1,0i,-0.817454,-0.521059i,3.238328,0.620607i
10.86,1,0i,-0.766072,-0.589625i,3.153838,0.817635i
10.865,1,0i,-0.710982,-0.654781i,3.053053,1.033469i
10.868333,1,0i,-0.665677,-0.692688i,2.973186,1.170203i
10.873333,1,0i,-0.594708,-0.749222i,2.857497,1.380547i
10.88,1,0i,-0.484496,-0.815725i,2.696128,1.665997i
10.89,1,0i,-0.288062,-0.892827i,2.42389,2.132441i
10.9,1,0i,-0.052025,-0.927408i,2.055744,2.672206i
10.91,1,0i,0.209124,-0.896079i,1.499424,3.226586i
10.92,1,0i,0.453693,-0.784624i,0.72146,3.609468i
10.93,1,0i,0.643367,-0.613864i,-0.142573,3.676483i
10.94,1,0i,0.791155,-0.400986i,-1.009622,3.540875i
10.95,1,0i,0.881116,-0.1399i,-1.903539,3.161135i
10.96,1,0i,0.892864,0.15006i,-2.727311,2.491251i
10.97,1,0i,0.813757,0.442584i,-3.365736,1.530177i
10.98,1,0i,0.64254,0.70267i,-3.682445,0.337104i
10.985,1,0i,0.51925,0.799294i,-3.627317,-0.30499i
10.99,1,0i,0.393626,0.897573i,-3.570321,-0.957568i
10.996667,1,0i,0.200907,0.977343i,-3.239782,-1.77466i
11,1,0i,0.100763,0.990058i,-2.963991,-2.112272i
11.005,1,0i,0.327497,0.915023i,-2.71238,-2.364952i
11.011667,1,0i,0.281788,0.889242i,-2.559136,-2.569298i
11.021667,1,0i,0.234246,0.847456i,-2.332921,-2.778549i
11.031667,1,0i,0.211549,0.818653i,-2.188885,-2.883105i
11.041667,1,0i,0.19579,0.795375i,-2.081925,-2.962369i
11.046667,1,0i,0.191151,0.785091i,-2.040144,-2.989781i
11.046667,1,0i,0.191151,0.785091i,-2.040144,-2.989781i
11.051667,1,0i,0.187748,0.775719i,-2.004801,-3.013292i
11.058333,1,0.000001i,0.184357,0.764567i,-1.964961,-3.039464i
11.068333,1,0.000001i,0.183143,0.748419i,-1.92017,-3.068045i
11.078333,1,0i,0.185927,0.735203i,-1.895534,-3.082362i
11.088333,1,0i,0.192039,0.723394i,-1.88602,-3.086149i
11.098333,1,0i,0.200742,0.712829i,-1.890509,-3.082526i
11.108333,1,0i,0.211816,0.703013i,-1.90668,-3.071942i
11.118333,1,0i,0.224983,0.693804i,-1.933831,-3.055255i
11.128333,1,0i,0.24074,0.684732i,-1.970221,-3.029514i
11.138333,1,0i,0.258326,0.675753i,-2.015369,-2.997733i
11.148333,1,0i,0.277207,0.666482i,-2.067313,-2.9616i
11.158333,1,0i,0.297472,0.656763i,-2.125483,-2.919986i
11.168333,1,0i,0.318751,0.646971i,-2.188426,-2.872438i
11.178333,1,0.000001i,0.341597,0.635618i,-2.255905,-2.818514i
11.188333,1,0.000001i,0.36561,0.623537i,-2.328184,-2.757773i
11.198333,1,0.000001i,0.390218,0.6104i,-2.403277,-2.691904i
11.208333,1,0.000001i,0.415428,0.596125i,-2.480555,-2.619993i
11.218333,1,0.000001i,0.441135,0.580658i,-2.559333,-2.54168i
11.228333,1,0.000001i,0.467021,0.563952i,-2.638714,-2.457627i
11.238333,1,0.000001i,0.492809,0.545992i,-2.71787,-2.368337i
11.248333,1,0.000001i,0.51826,0.526849i,-2.79626,-2.274285i
11.258333,1,0i,0.543329,0.506524i,-2.873007,-2.175076i
11.268333,1,0i,0.567871,0.485089i,-2.947424,-2.070953i
11.278333,1,0i,0.591559,0.462707i,-3.019051,-1.963196i
11.288333,1,0i,0.614142,0.439565i,-3.087514,-1.852866i
11.298333,1,0i,0.635584,0.415798i,-3.152253,-1.740185i
11.308333,1,0i,0.655904,0.391521i,-3.212659,-1.62527i
11.318333,1,0i,0.674992,0.366944i,-3.26849,-1.509081i
11.328333,1,0i,0.692717,0.342302i,-3.319651,-1.392829i
11.338333,1,0i,0.709191,0.317656i,-3.36543,-1.276659i
11.348333,1,0i,0.724375,0.293346i,-3.406417,-1.161707i
11.358333,1,0i,0.738315,0.269502i,-3.442346,-1.048703i
11.368333,1,0i,0.751023,0.246381i,-3.473646,-0.938702i
11.378333,1,0i,0.762466,0.224255i,-3.500889,-0.833017i
11.388333,1,0i,0.772946,0.204031i,-3.524063,-0.73337i
11.398333,1,0i,0.782166,0.184003i,-3.542111,-0.638322i
11.408333,1,0i,0.790915,0.165218i,-3.5565,-0.547118i
11.418333,1,0i,0.798752,0.14803i,-3.568371,-0.462963i
11.428333,1,0i,0.805833,0.1325i,-3.577924,-0.38607i
11.438333,1,0i,0.812298,0.118724i,-3.585584,-0.316646i
11.448333,1,0i,0.818313,0.106582i,-3.59085,-0.25458i
11.458333,1,0i,0.824012,0.09603i,-3.593611,-0.199814i
11.468333,1,0i,0.829317,0.087487i,-3.595787,-0.153422i
11.478333,1,0i,0.834214,0.081012i,-3.597681,-0.115863i
11.488333,1,0i,0.83882,0.076543i,-3.599134,-0.086772i
11.498333,1,0i,0.843172,0.074065i,-3.600167,-0.066078i
11.508333,1,0i,0.847302,0.073375i,-3.599952,-0.053473i
11.518333,1,0i,0.851149,0.074774i,-3.599944,-0.049259i
11.528333,1,0i,0.854612,0.078278i,-3.600259,-0.053633i
11.533333,1,0i,0.856169,0.081013i,-3.600324,-0.059803i
11.538333,1,0i,0.857671,0.08424i,-3.600282,-0.06798i
11.545,1,0i,0.859197,0.088532i,-3.600263,-0.080417i
11.555,1,0.000001i,0.862073,0.097779i,-3.60006,-0.105279i
11.565,1,0i,0.863586,0.108335i,-3.599541,-0.139207i
11.575,1,0i,0.864843,0.12038i,-3.597444,-0.178267i
11.585,1,0i,0.865392,0.134184i,-3.595066,-0.223991i
11.595,1,0i,0.865147,0.149463i,-3.591418,-0.275879i
11.605,1,0i,0.864065,0.166184i,-3.586758,-0.333366i
11.615,1,0i,0.86188,0.183639i,-3.580884,-0.395491i
11.625,1,0i,0.859124,0.202845i,-3.573268,-0.462088i
11.635,1,0.000001i,0.855055,0.222999i,-3.563801,-0.534041i
11.645,1,0i,0.859763,0.217838i,-3.437908,-0.549262i
11.655,1,0i,0.878654,0.193481i,-3.233685,-0.484178i
11.66,1,0i,0.887002,0.188822i,-3.165871,-0.459377i
11.665,1,0i,0.894358,0.184243i,-3.098528,-0.439218i
11.671667,1,0i,0.902671,0.179966i,-3.018604,-0.417903i
11.681667,1,0.000001i,0.912295,0.179998i,-2.927606,-0.400341i
11.686667,1,0.000001i,0.914644,0.184889i,-2.905135,-0.403958i
11.691667,1,0.000001i,0.91602,0.19102i,-2.889908,-0.412288i
11.698333,1,0.000001i,0.916805,0.200827i,-2.875422,-0.428142i
11.708333,1,0.000001i,0.916291,0.216622i,-2.860111,-0.458083i
11.718333,1,0.000001i,0.914214,0.232489i,-2.848829,-0.492442i
11.728333,1,0.000001i,0.911166,0.247978i,-2.839931,-0.528589i
11.738333,1,0.000001i,0.907084,0.263368i,-2.835142,-0.567262i
11.748333,1,0i,0.902096,0.278417i,-2.833727,-0.608039i
11.758333,1,0i,0.896624,0.292412i,-2.83292,-0.648863i
11.768333,1,0i,0.891088,0.304939i,-2.831365,-0.687836i
11.778333,1,0i,0.885638,0.316099i,-2.82989,-0.724596i
11.788333,1,0i,0.880287,0.326056i,-2.829429,-0.759431i
11.798333,1,0i,0.875139,0.334739i,-2.829805,-0.792044i
11.808333,1,0i,0.870393,0.341967i,-2.830352,-0.821609i
11.818333,1,0i,0.866203,0.34768i,-2.830931,-0.84754i
11.828333,1,0i,0.862618,0.351954i,-2.831935,-0.869774i
11.838333,1,0i,0.859653,0.354858i,-2.83365,-0.888375i
11.848333,1,0i,0.857353,0.356385i,-2.835992,-0.903178i
11.858333,1,0i,0.855779,0.35651i,-2.838778,-0.913905i
11.868333,1,0i,0.854958,0.355254i,-2.842006,-0.920429i
11.878333,1,0i,0.854874,0.352678i,-2.845791,-0.922803i
11.888333,1,0i,0.855501,0.34883i,-2.850165,-0.921102i
11.898333,1,0i,0.856817,0.343738i,-2.855033,-0.915336i
11.908333,1,0i,0.858799,0.337429i,-2.860281,-0.905515i
11.918333,1,0i,0.861401,0.329952i,-2.865848,-0.891732i
11.928333,1,0i,0.864565,0.321367i,-2.871694,-0.874147i
11.938333,1,0i,0.868226,0.311729i,-2.877734,-0.852929i
11.948333,1,0i,0.872322,0.301093i,-2.883843,-0.828243i
11.958333,1,0i,0.876786,0.289516i,-2.889897,-0.800275i
11.968333,1,0i,0.881548,0.277069i,-2.895795,-0.769254i
11.978333,1,0i,0.886533,0.263826i,-2.90144,-0.735436i
11.988333,1,0i,0.891669,0.249865i,-2.906723,-0.699083i
11.998333,1,0i,0.89689,0.235264i,-2.911534,-0.660467i
12.008333,1,0i,0.90213,0.220106i,-2.915774,-0.619873i
12.018333,1,0i,0.90733,0.204482i,-2.919363,-0.577601i
12.028333,1,0i,0.912435,0.188483i,-2.92223,-0.533959i
12.038333,1,0i,0.970837,0.165478i,-2.922628,-0.23818i
12.048333,1,0i,0.926929,0.141247i,-2.86057,-0.417901i
12.058333,1,0i,0.964686,0.127337i,-2.895023,-0.217222i
12.068333,1,0i,0.94596,0.109148i,-2.874313,-0.279397i
12.078333,1,0i,0.967639,0.078867i,-2.821578,-0.142853i
12.088333,1,0i,0.959945,0.06981i,-2.850263,-0.154693i
12.098333,1,0i,0.967425,0.053306i,-2.849666,-0.09036i
12.108333,1,0i,0.966117,0.041148i,-2.862184,-0.06915i
12.118333,1,0i,0.96985,0.021556i,-2.840241,-0.019764i
12.128333,1,0i,0.97088,0.007126i,-2.838649,0.014463i
12.138333,1,0i,0.971887,-0.006548i,-2.837085,0.047998i
12.148333,1,0i,0.972708,-0.018479i,-2.839996,0.079254i
12.158333,1,0i,0.973131,-0.031303i,-2.834709,0.10837i
12.168333,1,0i,0.973863,-0.043538i,-2.82866,0.137733i
12.178333,1,0i,0.973997,-0.05433i,-2.825025,0.162312i
12.188333,1,0i,0.974271,-0.063862i,-2.823169,0.185422i
12.198333,1,0i,0.974259,-0.072517i,-2.820953,0.205046i
12.208333,1,0i,0.974376,-0.080603i,-2.817179,0.223156i
12.218333,1,0i,0.974381,-0.087648i,-2.813918,0.238228i
12.228333,1,0i,0.974428,-0.093591i,-2.811499,0.250832i
12.238333,1,0i,0.974458,-0.098443i,-2.809839,0.260598i
12.248333,1,0i,0.97454,-0.102413i,-2.808049,0.267924i
12.258333,1,0i,0.974667,-0.10547i,-2.806365,0.272752i
12.268333,1,0i,0.974849,-0.107569i,-2.805082,0.275119i
12.278333,1,0i,0.975087,-0.1087i,-2.804359,0.275069i
12.288333,1,0i,0.975378,-0.108936i,-2.803976,0.272707i
12.298333,1,0i,0.975728,-0.108339i,-2.803796,0.268183i
12.308333,1,0i,0.976126,-0.106938i,-2.803851,0.261596i
12.318333,1,0i,0.976567,-0.104758i,-2.804204,0.25307i
12.328333,1,0i,0.977039,-0.101846i,-2.804827,0.242731i
12.338333,1,0i,0.977533,-0.098266i,-2.80563,0.230739i
12.348333,1,0i,0.978037,-0.094079i,-2.806559,0.217249i
12.358333,1,0i,0.97854,-0.089339i,-2.807597,0.202419i
12.368333,1,0i,0.979029,-0.084102i,-2.808728,0.186407i
12.378333,1,0i,0.979495,-0.078433i,-2.809913,0.169377i
12.388333,1,0i,0.979926,-0.072399i,-2.811105,0.1515i
12.398333,1,0i,0.980315,-0.066066i,-2.812273,0.132941i
12.408333,1,0i,0.980655,-0.059498i,-2.813397,0.113867i
12.418333,1,0i,0.98094,-0.052761i,-2.814458,0.094439i
12.428333,1,0i,0.981166,-0.045921i,-2.815434,0.074817i
12.438333,1,0i,0.981333,-0.039043i,-2.816307,0.055159i
12.448333,1,0i,0.981442,-0.03219i,-2.817067,0.035616i
12.458333,1,0i,0.981494,-0.025423i,-2.817708,0.016332i
12.468333,1,0i,0.981493,-0.0188i,-2.818227,-0.002554i
12.478333,1,0i,0.981446,-0.012377i,-2.818623,-0.020912i
12.488333,1,0i,0.981359,-0.006208i,-2.818899,-0.038618i
12.498333,1,0i,0.981241,-0.000342i,-2.819059,-0.055556i
12.508333,1,0i,0.9811,0.005176i,-2.819113,-0.071622i
12.518333,1,0i,0.980946,0.010302i,-2.819068,-0.086717i
12.528333,1,0i,0.980788,0.015i,-2.818936,-0.100757i
12.538333,1,0i,0.980636,0.019236i,-2.818727,-0.113661i
12.548333,1,0i,0.980498,0.022979i,-2.818453,-0.125364i
12.558333,1,0i,0.980383,0.026206i,-2.818127,-0.135808i
12.568333,1,0i,0.980299,0.028896i,-2.817759,-0.144946i
12.578333,1,0i,0.980252,0.031032i,-2.81736,-0.15274i
12.588333,1,0i,0.980246,0.032603i,-2.81694,-0.159163i
12.598333,1,0i,0.980286,0.033602i,-2.816506,-0.164199i
12.608333,1,0i,0.980373,0.034025i,-2.816067,-0.167841i
12.618333,1,0i,0.98051,0.033874i,-2.815627,-0.17009i
12.628333,1,0i,0.980694,0.033154i,-2.81519,-0.170959i
12.638333,1,0i,0.980924,0.031873i,-2.814758,-0.170469i
12.648333,1,0i,0.981197,0.030046i,-2.814333,-0.168648i
12.658333,1,0i,0.981508,0.027687i,-2.813912,-0.165536i
12.668333,1,0i,0.981852,0.024818i,-2.813495,-0.161178i
12.678333,1,0i,0.982221,0.021461i,-2.813077,-0.155627i
12.688333,1,0i,0.982609,0.017642i,-2.812654,-0.148943i
12.698333,1,0i,0.983008,0.01339i,-2.81222,-0.141193i
12.708333,1,0i,0.983411,0.008735i,-2.81177,-0.13245i
12.718333,1,0i,0.98381,0.003712i,-2.811298,-0.122792i
12.728333,1,0i,0.984197,-0.001646i,-2.810797,-0.1123i
12.738333,1,0i,0.984564,-0.0073i,-2.810261,-0.101061i
12.748333,1,0i,0.984906,-0.013214i,-2.809685,-0.089165i
12.758333,1,0i,0.985217,-0.019348i,-2.809063,-0.076704i
12.768333,1,0i,0.98549,-0.025663i,-2.808392,-0.063773i
12.778333,1,0i,0.985723,-0.032119i,-2.80767,-0.050468i
12.788333,1,0i,0.985912,-0.038675i,-2.806893,-0.036884i
12.798333,1,0i,0.986055,-0.045293i,-2.806062,-0.023118i
12.808333,1,0i,0.986151,-0.051933i,-2.805178,-0.009265i
12.818333,1,0i,0.986201,-0.058556i,-2.804243,0.004581i
12.828333,1,0i,0.986207,-0.065127i,-2.803261,0.018329i
12.838333,1,0i,0.986169,-0.071609i,-2.802237,0.031889i
12.848333,1,0i,0.986092,-0.077968i,-2.801179,0.045178i
12.858333,1,0i,0.985979,-0.084172i,-2.800092,0.058113i
12.868333,1,0i,0.985835,-0.09019i,-2.798987,0.070618i
12.878333,1,0i,0.985666,-0.095996i,-2.797871,0.082621i
12.888333,1,0i,0.985477,-0.101562i,-2.796755,0.094058i
12.898333,1,0i,0.985273,-0.106866i,-2.795649,0.104868i
12.908333,1,0i,0.985061,-0.111888i,-2.794563,0.114997i
12.918333,1,0i,0.984846,-0.116609i,-2.793507,0.124399i
12.928333,1,0i,0.984635,-0.121014i,-2.79249,0.133033i
12.938333,1,0i,0.984432,-0.12509i,-2.791522,0.140866i
12.948333,1,0i,0.984243,-0.128828i,-2.79061,0.147873i
12.958333,1,0i,0.984073,-0.132221i,-2.789761,0.154033i
12.968333,1,0i,0.983925,-0.135263i,-2.788983,0.159335i
12.978333,1,0i,0.983802,-0.137954i,-2.788279,0.163773i
12.988333,1,0i,0.983708,-0.140293i,-2.787653,0.167348i
12.998333,1,0i,0.983645,-0.142284i,-2.787108,0.170069i
13.008333,1,0i,0.983613,-0.143932i,-2.786644,0.171949i
13.018333,1,0i,0.983614,-0.145246i,-2.786262,0.173009i
13.028333,1,0i,0.983648,-0.146235i,-2.78596,0.173273i
13.038333,1,0i,0.983714,-0.146912i,-2.785735,0.172773i
13.048333,1,0i,0.983811,-0.14729i,-2.785584,0.171545i
13.058333,1,0i,0.983937,-0.147384i,-2.785502,0.169628i
13.068333,1,0i,0.984091,-0.147213i,-2.785485,0.167065i
13.078333,1,0i,0.98427,-0.146795i,-2.785525,0.163905i
13.088333,1,0i,0.984471,-0.146149i,-2.785618,0.160198i
13.098333,1,0i,0.984692,-0.145296i,-2.785757,0.155995i
13.108333,1,0i,0.984929,-0.144259i,-2.785934,0.151352i
13.118333,1,0i,0.98518,-0.14306i,-2.786142,0.146325i
13.128333,1,0i,0.985441,-0.141721i,-2.786377,0.140971i
13.138333,1,0i,0.985709,-0.140267i,-2.786629,0.135347i
13.148333,1,0i,0.985982,-0.13872i,-2.786895,0.129512i
13.158333,1,0i,0.986257,-0.137105i,-2.787167,0.123523i
13.168333,1,0i,0.986531,-0.135445i,-2.78744,0.117437i
13.178333,1,0i,0.986802,-0.133762i,-2.78771,0.111309i
13.188333,1,0i,0.987068,-0.132079i,-2.787972,0.105193i
13.198333,1,0i,0.987327,-0.130417i,-2.788222,0.099143i
13.208333,1,0i,0.987578,-0.128799i,-2.788458,0.093207i
13.218333,1,0i,0.987818,-0.127243i,-2.788676,0.087433i
13.228333,1,0i,0.988048,-0.125769i,-2.788874,0.081867i
13.238333,1,0i,0.988265,-0.124394i,-2.789051,0.07655i
13.248333,1,0i,0.98847,-0.123134i,-2.789205,0.071521i
13.258333,1,0i,0.988661,-0.122005i,-2.789335,0.066816i
13.268333,1,0i,0.988838,-0.12102i,-2.789441,0.062466i
13.278333,1,0i,0.989001,-0.120192i,-2.789523,0.0585i
13.288333,1,0i,0.98915,-0.119529i,-2.78958,0.054941i
13.298333,1,0i,0.989284,-0.119043i,-2.789612,0.051812i
13.308333,1,0i,0.989404,-0.118738i,-2.78962,0.049129i
13.318333,1,0i,0.989508,-0.118622i,-2.789603,0.046904i
13.328333,1,0i,0.989598,-0.118698i,-2.789564,0.045149i
13.338333,1,0i,0.989672,-0.118969i,-2.789501,0.043867i
13.348333,1,0i,0.989731,-0.119434i,-2.789415,0.043061i
13.358333,1,0i,0.989775,-0.120093i,-2.789307,0.042729i
13.368333,1,0i,0.989803,-0.120945i,-2.789177,0.042866i
13.378333,1,0i,0.989815,-0.121984i,-2.789026,0.043464i
13.388333,1,0i,0.989811,-0.123206i,-2.788853,0.044511i
13.398333,1,0i,0.989791,-0.124605i,-2.788659,0.045991i
13.408333,1,0i,0.989755,-0.126172i,-2.788445,0.047888i
13.418333,1,0i,0.989703,-0.1279i,-2.78821,0.05018i
13.428333,1,0i,0.989635,-0.129778i,-2.787956,0.052846i
13.438333,1,0i,0.98955,-0.131796i,-2.787681,0.05586i
13.448333,1,0i,0.98945,-0.133942i,-2.787388,0.059196i
13.458333,1,0i,0.989334,-0.136204i,-2.787076,0.062825i
13.468333,1,0i,0.989202,-0.138569i,-2.786746,0.066717i
13.478333,1,0i,0.989056,-0.141025i,-2.786399,0.07084i
13.488333,1,0i,0.988896,-0.143558i,-2.786036,0.075164i
13.498333,1,0i,0.988722,-0.146154i,-2.785657,0.079654i
13.508333,1,0i,0.988537,-0.148799i,-2.785265,0.084278i
13.518333,1,0i,0.98834,-0.15148i,-2.784861,0.089003i
13.528333,1,0i,0.988133,-0.154183i,-2.784446,0.093796i
13.538333,1,0i,0.987918,-0.156894i,-2.784022,0.098623i
13.548333,1,0i,0.987695,-0.1596i,-2.783591,0.103452i
13.558333,1,0i,0.987468,-0.162289i,-2.783156,0.108253i
13.568333,1,0i,0.987236,-0.164947i,-2.782718,0.112994i
13.578333,1,0i,0.987003,-0.167564i,-2.78228,0.117648i
13.588333,1,0i,0.986769,-0.170128i,-2.781844,0.122187i
13.598333,1,0i,0.986537,-0.172629i,-2.781413,0.126584i
13.608333,1,0i,0.986309,-0.175057i,-2.780989,0.130816i
13.618333,1,0i,0.986085,-0.177404i,-2.780574,0.13486i
13.628333,1,0i,0.985868,-0.17966i,-2.780172,0.138697i
13.638333,1,0i,0.98566,-0.181821i,-2.779783,0.142309i
13.648333,1,0i,0.985462,-0.183878i,-2.77941,0.14568i
13.658333,1,0i,0.985275,-0.185827i,-2.779055,0.148796i
13.668333,1,0i,0.985101,-0.187664i,-2.77872,0.151648i
13.678333,1,0i,0.984941,-0.189385i,-2.778406,0.154225i
13.688333,1,0i,0.984795,-0.190988i,-2.778115,0.156522i
13.698333,1,0i,0.984665,-0.192471i,-2.777848,0.158534i
13.708333,1,0i,0.984552,-0.193834i,-2.777605,0.160261i
13.718333,1,0i,0.984454,-0.195077i,-2.777386,0.161701i
13.728333,1,0i,0.984374,-0.196202i,-2.777193,0.162859i
13.738333,1,0i,0.98431,-0.197209i,-2.777025,0.163739i
13.748333,1,0i,0.984263,-0.198103i,-2.776882,0.164348i
13.758333,1,0i,0.984232,-0.198887i,-2.776763,0.164694i
13.768333,1,0i,0.984217,-0.199565i,-2.776669,0.164787i
13.778333,1,0i,0.984217,-0.200142i,-2.776596,0.164639i
13.788333,1,0i,0.984232,-0.200622i,-2.776546,0.164265i
13.798333,1,0i,0.984261,-0.201014i,-2.776516,0.163677i
13.808333,1,0i,0.984302,-0.201322i,-2.776505,0.162893i
13.818333,1,0i,0.984355,-0.201553i,-2.776511,0.161929i
13.828333,1,0i,0.984418,-0.201716i,-2.776533,0.160802i
13.838333,1,0i,0.984491,-0.201817i,-2.776569,0.159531i
13.848333,1,0i,0.984571,-0.201864i,-2.776618,0.158135i
13.858333,1,0i,0.984659,-0.201865i,-2.776678,0.156632i
13.868333,1,0i,0.984751,-0.201827i,-2.776746,0.155043i
13.878333,1,0i,0.984848,-0.201759i,-2.776822,0.153385i
13.888333,1,0i,0.984947,-0.201669i,-2.776904,0.151679i
13.898333,1,0i,0.985048,-0.201565i,-2.776989,0.149943i
13.908333,1,0i,0.985149,-0.201453i,-2.777077,0.148196i
13.918333,1,0i,0.98525,-0.201342i,-2.777166,0.146456i
13.928333,1,0i,0.985348,-0.201239i,-2.777255,0.14474i
13.938333,1,0i,0.985443,-0.201149i,-2.777342,0.143065i
13.948333,1,0i,0.985534,-0.201081i,-2.777425,0.141446i
13.958333,1,0i,0.98562,-0.20104i,-2.777505,0.139899i
13.968333,1,0i,0.9857,-0.201032i,-2.77758,0.138436i
13.978333,1,0i,0.985773,-0.201062i,-2.77765,0.13707i
13.988333,1,0i,0.985839,-0.201134i,-2.777712,0.135814i
13.998333,1,0i,0.985897,-0.201254i,-2.777767,0.134676i
14.008333,1,0i,0.985946,-0.201424i,-2.777814,0.133667i
14.018333,1,0i,0.985985,-0.201647i,-2.777853,0.132793i
14.028333,1,0i,0.986015,-0.201927i,-2.777882,0.132061i
14.038333,1,0i,0.986035,-0.202266i,-2.777903,0.131475i
14.048333,1,0i,0.986045,-0.202664i,-2.777913,0.131041i
14.058333,1,0i,0.986045,-0.203123i,-2.777914,0.130759i
14.068333,1,0i,0.986033,-0.203644i,-2.777905,0.130632i
14.078333,1,0i,0.986011,-0.204225i,-2.777886,0.130659i
14.088333,1,0i,0.985979,-0.204867i,-2.777858,0.130839i
14.098333,1,0i,0.985936,-0.205569i,-2.777819,0.131169i
14.108333,1,0i,0.985882,-0.206329i,-2.777771,0.131645i
14.118333,1,0i,0.985819,-0.207144i,-2.777713,0.132264i
14.128333,1,0i,0.985745,-0.208013i,-2.777645,0.133018i
14.138333,1,0i,0.985662,-0.208933i,-2.777569,0.133903i
14.148333,1,0i,0.98557,-0.209901i,-2.777484,0.13491i
14.158333,1,0i,0.985469,-0.210913i,-2.777391,0.136032i
14.168333,1,0i,0.985359,-0.211965i,-2.77729,0.137259i
14.178333,1,0i,0.985243,-0.213054i,-2.777182,0.138582i
14.188333,1,0i,0.985119,-0.214176i,-2.777067,0.139991i
14.198333,1,0i,0.984988,-0.215326i,-2.776946,0.141477i
14.208333,1,0i,0.984852,-0.2165i,-2.77682,0.143028i
14.218333,1,0i,0.984711,-0.217693i,-2.776689,0.144633i
14.228333,1,0i,0.984566,-0.218902i,-2.776553,0.146283i
14.238333,1,0i,0.984417,-0.22012i,-2.776415,0.147966i
14.248333,1,0i,0.984265,-0.221345i,-2.776273,0.14967i
14.258333,1,0i,0.984112,-0.222571i,-2.77613,0.151386i
14.268333,1,0i,0.983957,-0.223795i,-2.775986,0.153103i
14.278333,1,0i,0.983802,-0.225012i,-2.775842,0.15481i
14.288333,1,0i,0.983648,-0.226218i,-2.775699,0.156497i
14.298333,1,0i,0.983494,-0.227409i,-2.775556,0.158156i
14.308333,1,0i,0.983342,-0.228581i,-2.775416,0.159778i
14.318333,1,0i,0.983193,-0.229732i,-2.775279,0.161353i
14.328333,1,0i,0.983048,-0.230858i,-2.775146,0.162874i
14.338333,1,0i,0.982906,-0.231956i,-2.775016,0.164334i
14.348333,1,0i,0.982769,-0.233024i,-2.774892,0.165726i
14.358333,1,0i,0.982637,-0.234059i,-2.774773,0.167045i
14.368333,1,0i,0.98251,-0.235059i,-2.774661,0.168285i
14.378333,1,0i,0.982389,-0.236023i,-2.774555,0.169443i
14.388333,1,0i,0.982275,-0.236949i,-2.774456,0.170514i
14.398333,1,0i,0.982167,-0.237836i,-2.774364,0.171496i
14.408333,1,0i,0.982067,-0.238683i,-2.77428,0.172387i
14.418333,1,0i,0.981973,-0.23949i,-2.774204,0.173185i
14.428333,1,0i,0.981887,-0.240257i,-2.774136,0.173891i
14.438333,1,0i,0.981808,-0.240983i,-2.774077,0.174503i
14.448333,1,0i,0.981736,-0.24167i,-2.774025,0.175024i
14.458333,1,0i,0.981672,-0.242318i,-2.773982,0.175454i
14.468333,1,0i,0.981615,-0.242927i,-2.773947,0.175796i
14.478333,1,0i,0.981564,-0.2435i,-2.773919,0.176053i
14.488333,1,0i,0.981521,-0.244037i,-2.7739,0.176227i
14.498333,1,0i,0.981483,-0.244539i,-2.773887,0.176323i
14.508333,1,0i,0.981452,-0.24501i,-2.773882,0.176346i
14.518333,1,0i,0.981426,-0.245451i,-2.773884,0.176299i
14.528333,1,0i,0.981406,-0.245863i,-2.773892,0.176189i
14.538333,1,0i,0.98139,-0.24625i,-2.773906,0.17602i
14.548333,1,0i,0.981379,-0.246613i,-2.773925,0.175798i
14.558333,1,0i,0.981372,-0.246955i,-2.773949,0.175529i
14.568333,1,0i,0.981368,-0.247278i,-2.773977,0.175219i
14.578333,1,0i,0.981367,-0.247585i,-2.77401,0.174874i
14.588333,1,0i,0.981368,-0.247879i,-2.774046,0.174501i
14.598333,1,0i,0.981372,-0.248162i,-2.774085,0.174105i
14.608333,1,0i,0.981376,-0.248437i,-2.774126,0.173694i
14.618333,1,0i,0.981381,-0.248706i,-2.774169,0.173272i
14.628333,1,0i,0.981387,-0.248972i,-2.774213,0.172847i
14.638333,1,0i,0.981392,-0.249236i,-2.774258,0.172423i
14.648333,1,0i,0.981396,-0.249502i,-2.774303,0.172006i
14.658333,1,0i,0.981399,-0.249771i,-2.774349,0.171602i
14.668333,1,0i,0.981401,-0.250046i,-2.774393,0.171216i
14.678333,1,0i,0.981401,-0.250328i,-2.774437,0.170852i
14.688333,1,0i,0.981398,-0.25062i,-2.77448,0.170514i
14.698333,1,0i,0.981393,-0.250922i,-2.774521,0.170208i
14.708333,1,0i,0.981384,-0.251237i,-2.77456,0.169935i
14.718333,1,0i,0.981372,-0.251565i,-2.774597,0.1697i
14.728333,1,0i,0.981357,-0.251908i,-2.774631,0.169506i
14.738333,1,0i,0.981337,-0.252267i,-2.774663,0.169353i
14.748333,1,0i,0.981314,-0.252642i,-2.774692,0.169246i
14.758333,1,0i,0.981287,-0.253035i,-2.774717,0.169185i
14.768333,1,0i,0.981255,-0.253445i,-2.77474,0.169171i
14.778333,1,0i,0.981219,-0.253873i,-2.774759,0.169205i
14.788333,1,0i,0.981179,-0.25432i,-2.774775,0.169287i
14.798333,1,0i,0.981134,-0.254784i,-2.774787,0.169417i
14.808333,1,0i,0.981086,-0.255265i,-2.774797,0.169594i
14.818333,1,0i,0.981032,-0.255765i,-2.774802,0.169818i
14.828333,1,0i,0.980975,-0.25628i,-2.774805,0.170088i
14.838333,1,0i,0.980914,-0.256812i,-2.774804,0.170401i
14.848333,1,0i,0.980849,-0.25736i,-2.7748,0.170757i
14.858333,1,0i,0.98078,-0.257922i,-2.774793,0.171152i
14.868333,1,0i,0.980708,-0.258497i,-2.774783,0.171584i
14.878333,1,0i,0.980632,-0.259084i,-2.774771,0.172051i
14.888333,1,0i,0.980554,-0.259683i,-2.774756,0.17255i
14.898333,1,0i,0.980473,-0.260292i,-2.774739,0.173077i
14.908333,1,0i,0.980389,-0.260909i,-2.774719,0.17363i
14.918333,1,0i,0.980303,-0.261533i,-2.774698,0.174205i
14.928333,1,0i,0.980215,-0.262164i,-2.774675,0.174799i
14.938333,1,0i,0.980126,-0.262799i,-2.774651,0.175409i
14.948333,1,0i,0.980035,-0.263436i,-2.774626,0.176031i
14.958333,1,0i,0.979944,-0.264076i,-2.7746,0.176661i
14.968333,1,0i,0.979851,-0.264716i,-2.774573,0.177296i
14.978333,1,0i,0.979759,-0.265354i,-2.774546,0.177933i
14.988333,1,0i,0.979666,-0.265991i,-2.774519,0.178568i
14.998333,1,0i,0.979574,-0.266623i,-2.774492,0.179199i
15,1,0i,0.979559,-0.266728i,-2.774488,0.179303i
